claim_number,fraud
2,0
9,0
11,0
13,0
14,0
18,1
22,1
23,0
24,0
27,0
28,0
33,1
41,0
44,0
45,0
46,1
47,1
48,0
51,0
52,1
55,0
57,1
60,0
62,1
65,1
70,0
72,1
75,1
79,0
82,0
84,0
86,1
87,1
88,0
97,1
101,0
103,1
105,0
106,1
107,0
112,0
113,1
117,0
118,0
122,0
123,0
124,1
125,0
128,0
134,0
136,0
137,0
138,0
139,0
140,1
141,1
142,0
144,0
152,0
153,1
154,0
156,1
168,0
170,0
172,1
174,0
176,1
181,0
184,1
191,0
192,0
196,0
198,0
201,1
202,0
203,0
205,0
206,1
207,0
212,0
218,1
224,1
225,0
226,1
229,1
231,1
234,0
239,0
240,1
243,0
244,0
246,0
247,0
249,0
250,1
251,0
252,0
253,0
254,0
255,0
259,0
263,0
264,1
265,1
267,0
269,0
270,0
272,0
273,0
276,0
281,0
282,0
286,1
289,1
290,1
291,1
293,1
297,0
304,1
308,0
314,0
317,0
321,0
322,1
324,0
327,1
332,1
335,1
336,1
337,1
338,0
339,0
340,1
341,0
343,1
344,1
345,1
346,1
347,1
349,0
350,1
351,0
355,1
361,1
362,0
363,1
364,1
365,0
369,0
370,0
372,0
376,0
377,1
378,0
379,0
381,1
387,1
388,1
394,0
396,0
399,0
402,1
403,0
404,0
408,0
410,0
411,0
412,1
413,1
414,1
415,0
416,0
423,1
424,0
428,0
433,0
435,1
440,1
444,0
446,1
447,0
454,1
455,0
456,0
459,1
463,0
465,1
466,0
468,0
470,0
471,0
474,0
475,0
476,1
478,1
480,1
482,1
485,0
487,1
490,0
496,1
497,1
498,0
499,1
501,0
502,0
503,0
506,0
510,0
515,0
516,0
517,0
521,0
524,1
525,1
530,0
533,0
538,0
539,0
540,0
547,0
556,0
558,0
559,0
560,0
563,0
567,0
568,1
570,0
571,0
572,0
574,0
575,0
576,0
577,1
579,0
580,1
581,0
582,0
585,1
590,0
591,1
594,1
596,1
600,0
604,0
605,1
608,1
616,0
622,1
625,1
628,0
631,0
632,0
633,0
635,0
638,1
640,0
641,1
643,0
645,0
648,0
650,1
651,0
654,1
656,1
659,1
665,1
670,0
671,1
672,0
673,0
674,0
675,0
676,1
677,0
678,0
680,0
683,0
689,0
692,1
695,0
697,0
698,1
700,0
704,0
707,1
709,0
710,0
711,1
717,0
719,0
720,0
723,1
724,0
728,0
729,0
733,1
736,0
737,0
738,0
739,1
742,1
748,0
749,0
750,1
753,0
757,0
761,1
763,1
765,1
768,0
771,0
772,0
774,0
775,0
779,0
782,1
785,0
786,0
789,0
791,0
795,1
800,1
801,0
804,0
807,0
808,0
815,1
816,0
818,0
827,1
834,1
835,0
847,1
850,0
853,0
858,0
861,0
862,0
864,1
867,1
868,0
873,0
874,0
875,0
876,0
878,0
880,1
884,1
887,0
888,0
889,0
893,0
896,0
898,0
902,1
903,1
905,0
914,1
915,1
916,1
917,1
918,1
920,0
921,0
922,1
923,0
924,0
927,1
932,1
934,1
937,0
938,0
939,0
940,0
946,0
948,1
949,0
958,0
959,0
961,1
965,0
968,0
969,0
971,0
978,0
982,1
985,0
987,1
989,1
992,0
993,1
999,0
1002,1
1005,1
1006,1
1009,0
1013,1
1014,1
1016,0
1024,0
1025,0
1026,0
1032,0
1033,0
1037,0
1038,0
1040,1
1043,0
1044,1
1045,0
1046,0
1050,0
1051,0
1054,0
1056,0
1064,0
1066,0
1067,0
1068,1
1070,0
1071,1
1072,1
1075,1
1081,0
1082,0
1083,0
1084,1
1086,0
1091,0
1094,1
1097,1
1098,1
1103,1
1110,0
1111,0
1122,0
1123,0
1125,1
1126,0
1134,0
1137,0
1140,0
1141,0
1143,1
1144,1
1145,0
1149,0
1151,1
1153,1
1155,0
1156,0
1160,1
1162,1
1163,0
1164,0
1165,0
1166,0
1167,1
1168,0
1171,0
1173,0
1174,1
1176,1
1179,1
1183,0
1184,0
1190,1
1193,0
1194,1
1199,0
1200,1
1202,0
1203,1
1205,0
1206,0
1207,0
1211,1
1219,1
1220,1
1221,0
1223,0
1232,1
1237,0
1238,1
1241,0
1245,0
1246,1
1247,1
1249,0
1252,1
1253,1
1254,0
1255,0
1258,0
1259,0
1260,0
1264,0
1267,1
1268,0
1271,0
1272,1
1273,0
1275,1
1278,1
1285,0
1286,1
1287,0
1290,0
1292,0
1294,1
1297,1
1302,1
1303,0
1304,0
1305,0
1306,0
1310,0
1312,0
1313,1
1314,0
1316,0
1321,0
1322,0
1323,0
1331,1
1337,0
1339,1
1341,1
1342,0
1344,0
1349,0
1350,0
1351,0
1354,0
1357,0
1365,1
1366,1
1367,1
1369,1
1370,1
1376,1
1377,1
1380,0
1385,0
1387,0
1388,1
1389,1
1393,0
1396,1
1397,1
1399,0
1407,1
1412,0
1414,0
1415,0
1416,1
1419,1
1423,0
1426,1
1427,0
1436,0
1441,0
1448,0
1449,0
1450,0
1455,0
1461,0
1463,1
1467,1
1469,1
1473,0
1475,0
1476,1
1477,1
1483,1
1484,0
1485,1
1490,0
1491,0
1497,1
1498,0
1504,0
1507,0
1508,0
1509,1
1512,1
1514,1
1515,1
1516,1
1518,0
1521,1
1522,1
1525,1
1526,0
1528,0
1530,1
1531,0
1534,0
1535,1
1537,1
1539,0
1540,1
1546,1
1549,0
1550,0
1552,0
1557,1
1558,0
1562,0
1564,0
1565,1
1567,1
1571,0
1572,0
1578,0
1580,0
1582,1
1583,0
1588,1
1601,0
1605,0
1607,1
1612,0
1619,0
1624,0
1625,0
1629,0
1631,1
1632,1
1636,0
1637,0
1639,1
1641,0
1642,0
1647,0
1648,0
1650,0
1652,1
1654,0
1656,1
1657,1
1659,1
1661,1
1663,1
1669,0
1672,0
1674,1
1676,0
1678,0
1679,0
1680,0
1683,0
1689,1
1692,0
1694,0
1695,1
1696,1
1697,0
1700,1
1702,1
1703,0
1706,1
1707,1
1708,1
1709,0
1710,0
1714,0
1719,0
1723,1
1734,0
1737,0
1739,0
1743,1
1745,0
1746,0
1747,0
1750,0
1751,1
1753,1
1754,1
1756,0
1757,0
1758,1
1766,1
1769,0
1770,0
1772,1
1774,1
1776,0
1780,0
1782,0
1784,0
1786,1
1787,0
1788,1
1793,1
1798,0
1799,1
1802,0
1805,1
1808,0
1809,1
1810,0
1811,1
1812,1
1814,1
1816,0
1817,0
1819,1
1823,1
1824,0
1825,0
1830,1
1832,1
1833,1
1834,0
1835,0
1842,1
1846,0
1848,0
1850,0
1851,1
1853,0
1854,0
1857,0
1858,1
1860,0
1861,1
1863,0
1864,1
1866,1
1868,1
1869,1
1870,0
1876,0
1879,1
1880,1
1883,0
1884,1
1885,0
1886,0
1890,0
1892,0
1896,1
1898,1
1900,1
1905,0
1906,1
1908,0
1909,0
1911,0
1913,0
1914,0
1916,0
1917,0
1918,1
1919,1
1920,1
1929,0
1931,0
1938,1
1939,1
1944,0
1945,0
1949,1
1953,1
1955,0
1956,0
1959,0
1960,0
1963,1
1968,0
1971,1
1973,0
1975,0
1976,1
1980,0
1981,0
1984,0
1987,1
1989,0
1991,1
1993,0
1996,1
2002,1
2006,0
2008,0
2011,0
2012,0
2014,1
2015,1
2019,0
2020,0
2025,1
2028,1
2030,0
2032,0
2033,0
2035,0
2037,1
2038,0
2039,0
2041,1
2044,0
2046,0
2049,0
2053,0
2054,1
2055,0
2056,0
2057,0
2059,1
2060,1
2061,0
2062,0
2066,0
2067,0
2068,0
2070,1
2073,0
2079,0
2081,0
2088,0
2091,0
2095,0
2096,0
2098,0
2100,1
2101,0
2102,0
2105,0
2107,1
2108,0
2111,1
2114,1
2118,1
2119,0
2123,0
2125,0
2127,1
2128,0
2131,0
2132,1
2137,0
2142,0
2143,0
2145,0
2148,0
2150,1
2153,1
2154,0
2155,0
2156,1
2162,0
2165,1
2166,1
2167,1
2168,0
2169,0
2171,1
2172,1
2173,0
2177,1
2179,1
2181,1
2182,0
2183,1
2196,0
2197,0
2199,1
2200,0
2208,0
2211,0
2212,1
2214,0
2215,0
2220,1
2221,0
2222,0
2224,1
2225,0
2229,1
2234,0
2238,1
2242,0
2245,0
2247,1
2248,1
2249,0
2250,0
2251,0
2252,0
2254,0
2255,1
2256,0
2258,0
2265,1
2266,0
2267,0
2271,0
2278,0
2280,1
2285,1
2292,1
2293,0
2294,1
2295,0
2296,1
2297,0
2299,1
2300,1
2301,1
2305,0
2308,1
2309,0
2310,0
2311,0
2312,1
2317,1
2319,1
2323,0
2325,1
2327,0
2330,0
2337,1
2340,0
2347,0
2354,1
2355,0
2357,1
2361,0
2363,0
2367,0
2368,0
2369,1
2372,1
2374,0
2375,1
2376,0
2378,0
2382,0
2385,0
2390,0
2393,1
2394,0
2407,1
2408,0
2409,0
2414,1
2416,0
2421,1
2424,0
2427,1
2429,0
2431,1
2434,0
2435,0
2438,0
2439,0
2441,0
2442,0
2443,0
2444,0
2445,1
2449,1
2450,0
2452,0
2456,0
2457,0
2464,0
2466,0
2467,0
2468,0
2470,1
2475,0
2476,1
2479,1
2480,1
2481,0
2488,0
2493,0
2495,1
2499,0
2500,1
2501,1
2502,1
2503,0
2505,0
2506,1
2509,1
2510,0
2515,1
2517,0
2519,0
2522,1
2523,0
2524,0
2529,1
2530,0
2533,0
2536,0
2538,0
2543,0
2544,0
2545,1
2546,1
2549,0
2550,0
2551,1
2554,1
2557,0
2559,1
2560,1
2563,0
2564,1
2565,1
2569,0
2570,0
2574,0
2575,0
2576,0
2578,0
2581,0
2583,1
2584,1
2586,1
2590,1
2591,1
2592,1
2600,1
2601,1
2602,1
2604,1
2607,0
2617,1
2620,1
2625,0
2629,0
2631,0
2633,1
2643,0
2644,1
2645,1
2647,1
2651,0
2652,1
2654,1
2655,1
2657,1
2659,1
2660,0
2661,1
2662,0
2663,0
2666,1
2668,0
2674,0
2675,0
2676,0
2681,0
2683,1
2686,0
2687,1
2690,0
2694,0
2695,1
2697,1
2700,0
2702,0
2705,1
2709,0
2716,0
2718,1
2719,0
2720,0
2725,0
2726,1
2728,1
2730,0
2731,0
2732,0
2737,1
2739,1
2743,0
2745,0
2746,1
2748,0
2749,0
2750,1
2751,0
2753,0
2757,1
2758,0
2762,0
2764,0
2766,1
2768,0
2769,0
2770,0
2771,1
2773,0
2775,1
2777,0
2778,1
2784,0
2785,0
2786,0
2788,1
2789,1
2790,1
2791,1
2796,1
2799,1
2801,0
2809,1
2814,1
2816,0
2819,0
2822,1
2826,1
2828,1
2829,0
2831,1
2832,0
2835,0
2838,0
2840,1
2843,0
2845,0
2847,1
2851,1
2853,1
2854,0
2855,1
2856,0
2866,0
2868,0
2869,1
2870,1
2872,0
2873,0
2874,0
2875,0
2879,0
2880,0
2883,1
2885,1
2886,1
2888,1
2889,1
2890,0
2892,0
2896,0
2901,0
2905,1
2907,1
2911,1
2913,0
2914,1
2916,1
2920,0
2921,0
2923,1
2931,0
2935,1
2937,0
2938,1
2939,0
2940,0
2942,1
2948,0
2950,1
2957,0
2960,0
2961,0
2962,0
2963,1
2965,0
2968,0
2971,1
2973,0
2974,1
2977,1
2982,0
2984,1
2991,1
2992,0
2993,1
2994,0
2995,0
3001,1
3003,0
3004,1
3008,1
3009,1
3012,0
3015,1
3018,1
3020,0
3023,0
3024,1
3025,0
3028,1
3030,0
3033,0
3034,0
3040,0
3043,0
3045,1
3051,1
3054,1
3055,0
3061,0
3062,1
3066,1
3067,0
3069,1
3070,0
3071,0
3077,1
3083,0
3084,0
3085,1
3086,0
3094,1
3101,1
3102,0
3104,0
3105,0
3106,1
3107,0
3108,0
3109,0
3114,1
3115,0
3116,1
3124,1
3128,1
3129,0
3130,1
3131,0
3134,0
3135,0
3136,0
3137,0
3138,1
3141,1
3142,0
3143,1
3146,1
3148,0
3150,0
3151,0
3154,0
3156,1
3157,1
3161,0
3170,0
3172,1
3173,0
3175,0
3176,0
3177,1
3178,1
3179,0
3180,1
3185,0
3188,0
3192,1
3193,1
3194,0
3195,0
3197,1
3209,0
3210,1
3211,0
3216,0
3217,0
3221,0
3222,1
3224,0
3228,0
3229,1
3230,0
3233,0
3237,0
3238,1
3239,1
3240,0
3241,0
3243,0
3244,1
3245,0
3255,0
3256,0
3257,1
3258,0
3259,0
3260,0
3261,1
3263,1
3264,0
3266,0
3268,0
3270,0
3271,0
3272,1
3274,0
3277,1
3281,0
3282,0
3284,0
3285,0
3286,1
3289,0
3290,1
3291,1
3295,0
3299,0
3301,0
3302,0
3311,0
3314,1
3315,1
3318,0
3320,1
3321,0
3324,0
3329,1
3336,0
3342,0
3344,0
3345,1
3346,0
3349,1
3353,0
3356,1
3357,0
3362,1
3363,1
3365,0
3367,0
3376,0
3387,0
3390,0
3391,1
3392,0
3393,1
3395,1
3396,1
3398,0
3400,0
3401,0
3402,0
3403,1
3405,0
3406,0
3407,0
3410,1
3413,0
3415,1
3420,0
3422,1
3423,1
3432,0
3433,1
3436,0
3437,0
3442,0
3445,0
3449,0
3454,1
3456,0
3458,0
3460,0
3461,0
3462,1
3466,0
3467,1
3469,0
3470,1
3472,0
3474,1
3476,1
3477,1
3478,1
3481,0
3482,1
3483,0
3484,0
3486,0
3488,0
3489,0
3490,1
3491,1
3492,1
3499,1
3504,1
3505,1
3507,0
3510,0
3512,0
3514,0
3515,0
3518,1
3520,0
3523,1
3524,0
3528,0
3531,0
3532,0
3539,1
3540,0
3541,1
3543,0
3548,1
3552,1
3555,1
3557,0
3558,0
3559,1
3560,1
3561,0
3562,1
3565,0
3578,1
3580,0
3582,0
3584,0
3586,1
3590,0
3591,1
3592,0
3593,1
3596,0
3600,1
3601,0
3605,0
3608,0
3610,1
3613,0
3618,0
3621,0
3623,0
3624,1
3627,1
3628,0
3629,0
3631,1
3632,0
3633,0
3635,0
3637,0
3641,0
3642,0
3653,0
3662,0
3663,0
3664,0
3669,0
3671,1
3674,1
3676,0
3679,0
3680,0
3684,1
3686,1
3689,1
3691,0
3694,0
3706,1
3707,1
3708,0
3709,0
3710,0
3712,0
3717,1
3718,1
3724,0
3725,1
3728,0
3730,0
3736,1
3738,0
3740,0
3742,0
3747,0
3748,1
3751,1
3753,1
3756,0
3757,1
3758,1
3763,1
3765,0
3770,1
3775,1
3783,0
3784,0
3785,0
3787,1
3788,0
3789,0
3790,0
3795,0
3797,0
3798,0
3801,0
3803,0
3807,1
3808,1
3809,1
3810,1
3813,0
3817,1
3819,1
3821,0
3822,0
3824,0
3827,0
3828,0
3829,1
3832,1
3833,0
3834,1
3836,1
3837,1
3839,1
3845,0
3846,1
3848,0
3854,0
3857,0
3859,0
3862,1
3864,0
3865,0
3866,0
3868,1
3869,1
3870,0
3871,0
3873,0
3874,0
3878,1
3880,0
3882,0
3883,1
3885,1
3887,0
3892,0
3895,1
3897,0
3898,0
3901,1
3902,1
3904,0
3910,0
3913,1
3916,0
3918,0
3920,0
3921,1
3924,0
3925,0
3929,1
3930,0
3931,1
3932,0
3937,0
3938,1
3940,0
3942,0
3943,0
3945,1
3948,0
3951,1
3952,0
3953,1
3954,0
3955,1
3958,1
3960,0
3961,0
3962,1
3966,0
3968,1
3972,0
3974,0
3980,1
3981,0
3983,0
3985,1
3988,0
3991,0
3995,0
3996,1
3998,0
4001,0
4005,0
4007,0
4009,0
4013,0
4016,0
4018,1
4019,0
4024,0
4025,0
4026,1
4027,1
4028,1
4032,0
4033,0
4034,1
4035,0
4038,0
4040,1
4041,1
4054,0
4055,1
4056,0
4057,0
4059,0
4060,0
4062,1
4064,1
4065,1
4066,1
4069,1
4072,0
4075,1
4079,1
4080,1
4081,1
4084,1
4087,0
4092,0
4094,0
4095,0
4096,0
4099,1
4103,0
4104,1
4105,1
4107,1
4110,0
4112,0
4113,0
4114,0
4118,0
4119,1
4121,1
4122,0
4124,1
4125,0
4126,1
4127,0
4128,1
4131,1
4133,0
4134,0
4137,0
4138,0
4141,0
4143,0
4144,0
4158,0
4159,1
4168,1
4173,0
4181,0
4184,0
4186,0
4187,0
4189,0
4193,1
4194,0
4196,0
4197,0
4200,1
4205,1
4206,0
4208,0
4211,1
4212,1
4215,0
4219,1
4220,0
4226,0
4227,1
4229,1
4230,1
4231,1
4233,1
4236,0
4239,0
4240,0
4242,1
4244,0
4250,0
4256,1
4260,0
4262,0
4264,1
4266,0
4267,0
4269,1
4270,1
4272,0
4275,0
4277,0
4278,0
4279,0
4283,0
4285,0
4288,0
4290,0
4294,1
4295,0
4296,0
4299,1
4300,1
4303,0
4307,0
4308,1
4312,1
4313,0
4317,1
4318,0
4332,1
4333,0
4337,1
4345,1
4346,1
4347,1
4349,0
4350,0
4351,1
4352,1
4353,1
4356,1
4357,0
4358,0
4359,0
4362,1
4363,0
4364,0
4367,1
4370,0
4371,1
4373,1
4374,0
4378,0
4379,0
4381,0
4382,0
4387,1
4389,0
4390,0
4396,1
4403,0
4405,0
4407,0
4416,0
4419,1
4420,0
4421,0
4422,0
4423,1
4432,0
4433,1
4436,0
4441,0
4447,0
4451,1
4453,1
4457,0
4458,1
4460,0
4461,0
4462,0
4463,0
4465,1
4466,1
4469,1
4470,1
4475,0
4477,1
4479,0
4480,0
4485,0
4487,0
4488,0
4491,0
4493,0
4497,0
4501,0
4505,1
4506,0
4508,0
4509,0
4510,1
4511,1
4514,1
4515,1
4516,1
4519,0
4521,1
4523,1
4525,1
4530,0
4531,0
4532,1
4538,1
4539,0
4540,1
4541,1
4543,1
4545,1
4548,1
4549,0
4551,1
4552,0
4554,1
4555,1
4556,1
4559,1
4561,1
4564,1
4568,1
4569,1
4570,0
4575,1
4578,1
4585,0
4586,0
4587,0
4590,0
4599,0
4601,1
4605,0
4606,0
4607,1
4609,1
4610,1
4616,0
4617,0
4618,0
4620,0
4621,0
4622,0
4623,1
4624,0
4626,0
4629,1
4630,1
4636,0
4637,1
4639,0
4641,1
4642,1
4646,0
4649,1
4650,0
4651,0
4652,1
4654,0
4656,0
4657,1
4659,0
4661,1
4663,0
4670,1
4671,0
4674,1
4679,0
4684,0
4687,0
4692,0
4694,0
4697,0
4699,1
4700,0
4701,1
4704,1
4705,0
4707,0
4708,1
4709,0
4710,0
4719,1
4721,0
4724,1
4726,0
4729,1
4731,0
4733,0
4737,1
4738,0
4740,0
4746,0
4747,0
4751,0
4753,0
4757,1
4758,1
4759,0
4763,0
4765,1
4766,1
4770,0
4771,0
4773,0
4776,0
4778,0
4779,1
4782,1
4786,0
4791,1
4792,0
4794,1
4795,1
4798,0
4800,1
4801,1
4805,1
4808,0
4809,0
4810,0
4813,0
4815,1
4821,1
4822,0
4825,0
4827,1
4828,1
4831,0
4832,0
4840,1
4841,0
4842,0
4845,1
4847,0
4848,1
4850,0
4852,1
4853,1
4857,0
4859,0
4869,1
4871,0
4872,0
4875,1
4877,1
4880,0
4881,1
4886,0
4889,1
4891,1
4898,1
4899,0
4900,1
4901,0
4903,1
4905,0
4909,0
4912,1
4914,0
4915,0
4916,1
4917,0
4918,1
4928,0
4929,1
4933,0
4934,1
4943,1
4945,1
4946,0
4949,1
4950,0
4951,0
4952,1
4954,1
4956,0
4957,0
4958,0
4960,0
4962,0
4964,0
4967,1
4969,0
4975,1
4978,0
4979,0
4981,1
4982,0
4983,0
4984,0
4986,0
4994,1
4995,1
4997,0
4999,0
5000,1
5001,1
5002,0
5003,0
5004,0
5005,1
5008,0
5011,1
5014,1
5015,1
5017,0
5018,0
5022,1
5026,0
5027,0
5033,1
5038,0
5042,0
5043,0
5044,0
5046,0
5048,0
5051,0
5053,0
5055,0
5058,1
5060,0
5061,1
5064,0
5065,0
5066,0
5067,0
5069,0
5070,0
5079,1
5084,0
5085,0
5086,0
5087,1
5089,1
5093,1
5095,0
5096,0
5099,0
5100,1
5102,0
5105,0
5107,1
5108,0
5109,0
5116,0
5123,0
5124,1
5125,1
5128,1
5134,0
5135,0
5139,1
5141,1
5143,1
5146,0
5148,1
5151,0
5153,0
5155,1
5158,0
5159,1
5160,0
5164,1
5167,1
5171,0
5173,0
5178,0
5179,0
5183,1
5187,0
5188,0
5189,1
5190,1
5192,0
5193,1
5194,1
5198,0
5199,0
5200,1
5203,0
5206,0
5207,0
5209,0
5210,0
5212,1
5214,1
5215,1
5218,0
5223,1
5226,0
5228,0
5229,1
5231,1
5232,1
5233,0
5239,0
5242,0
5244,0
5247,0
5249,1
5251,1
5255,0
5257,0
5259,1
5260,0
5261,1
5264,1
5265,0
5267,1
5268,0
5270,0
5272,0
5276,1
5278,0
5284,1
5286,0
5290,0
5292,1
5294,1
5298,1
5300,0
5304,0
5306,1
5313,1
5314,0
5316,1
5321,1
5322,0
5326,0
5327,0
5329,0
5331,1
5335,0
5337,1
5338,0
5342,0
5343,0
5344,0
5345,1
5346,1
5347,0
5349,0
5351,1
5356,0
5358,1
5363,0
5365,0
5367,0
5373,1
5374,1
5375,0
5379,0
5380,0
5383,0
5385,1
5386,1
5392,0
5393,1
5394,0
5396,0
5397,0
5398,1
5399,0
5402,1
5409,0
5410,0
5412,0
5414,1
5415,0
5419,0
5420,0
5421,1
5427,1
5434,1
5435,1
5438,0
5439,1
5440,0
5443,0
5444,0
5453,1
5458,1
5460,0
5461,0
5462,0
5463,1
5466,0
5468,0
5478,0
5480,0
5485,0
5486,0
5491,0
5492,0
5493,0
5496,0
5500,0
5502,0
5503,1
5505,1
5506,0
5509,1
5510,0
5519,1
5520,1
5529,1
5530,1
5533,0
5534,0
5536,1
5538,0
5539,0
5542,0
5544,0
5546,0
5547,0
5551,1
5552,0
5553,0
5555,1
5559,1
5561,0
5565,1
5566,0
5569,0
5571,1
5572,0
5577,0
5581,0
5583,0
5587,1
5596,1
5598,1
5601,1
5602,0
5604,0
5605,0
5606,0
5609,1
5613,0
5621,0
5627,1
5632,1
5634,1
5635,0
5641,1
5644,0
5645,1
5646,0
5647,1
5650,1
5651,0
5653,0
5660,0
5661,0
5665,0
5666,1
5670,0
5676,1
5683,1
5684,1
5685,0
5689,0
5690,0
5692,0
5698,0
5699,1
5702,1
5704,0
5706,0
5707,1
5710,0
5712,1
5713,0
5716,1
5725,0
5726,0
5730,0
5733,0
5735,1
5737,0
5739,1
5741,0
5742,1
5745,0
5751,0
5754,0
5757,0
5758,1
5759,0
5761,0
5762,1
5765,0
5768,1
5772,0
5775,1
5776,0
5777,0
5779,1
5782,1
5784,0
5786,0
5788,0
5789,0
5793,1
5794,0
5797,0
5798,1
5800,1
5801,0
5804,1
5805,0
5807,1
5811,0
5822,0
5823,0
5825,0
5827,0
5828,0
5832,1
5834,1
5838,0
5839,0
5842,1
5849,1
5850,1
5851,1
5855,1
5856,1
5857,1
5859,0
5861,0
5862,0
5863,1
5866,1
5869,0
5872,0
5873,0
5875,0
5878,0
5880,1
5886,0
5892,0
5894,1
5898,0
5899,0
5900,0
5906,0
5907,1
5909,1
5910,0
5911,1
5912,0
5913,0
5925,1
5929,0
5931,1
5937,0
5938,1
5939,1
5940,0
5942,0
5943,0
5944,0
5946,0
5950,1
5952,0
5953,0
5954,0
5955,0
5958,0
5959,0
5960,1
5964,0
5967,1
5969,0
5970,1
5972,0
5973,1
5976,0
5979,0
5980,0
5981,1
5982,0
5983,1
5984,0
5985,0
5991,0
5992,1
5994,1
5996,1
5997,0
6001,0
6002,0
6009,0
6010,1
6011,0
6018,1
6021,0
6024,1
6026,0
6031,0
6033,0
6034,0
6036,0
6037,0
6041,0
6042,0
6043,0
6045,0
6052,0
6053,0
6054,1
6055,0
6063,1
6066,1
6068,1
6069,1
6070,1
6071,0
6073,1
6074,0
6075,0
6077,1
6078,1
6079,1
6087,1
6088,1
6091,0
6093,0
6098,0
6101,0
6102,1
6103,1
6104,1
6107,0
6108,1
6109,0
6112,1
6117,1
6124,1
6125,1
6129,0
6133,0
6134,1
6139,0
6142,0
6144,0
6147,0
6149,0
6152,0
6155,1
6158,0
6160,1
6162,0
6164,1
6165,1
6167,1
6169,0
6170,0
6171,0
6176,1
6179,0
6180,0
6181,0
6183,0
6185,0
6187,0
6189,1
6192,0
6193,0
6195,0
6198,0
6202,0
6207,0
6209,1
6210,1
6212,0
6213,0
6214,0
6215,0
6217,0
6220,0
6223,0
6224,0
6227,1
6228,1
6230,1
6233,1
6235,0
6236,1
6238,0
6239,0
6240,0
6242,0
6244,0
6248,0
6259,0
6263,1
6265,0
6266,0
6270,0
6272,0
6273,1
6274,1
6275,0
6276,0
6278,0
6279,0
6282,0
6283,1
6284,0
6285,0
6289,0
6291,0
6296,0
6297,1
6304,0
6305,0
6311,1
6314,0
6317,0
6324,1
6326,0
6330,0
6332,1
6340,0
6342,0
6344,0
6347,1
6348,0
6350,0
6351,0
6355,1
6360,0
6362,0
6363,1
6364,0
6370,1
6371,0
6372,0
6374,0
6375,1
6379,0
6380,1
6382,0
6385,1
6389,1
6392,0
6397,0
6401,0
6403,1
6407,1
6410,1
6414,0
6415,1
6417,1
6419,0
6421,0
6422,0
6431,1
6434,0
6438,1
6440,0
6445,1
6449,1
6453,1
6455,0
6461,0
6464,0
6466,1
6467,1
6470,1
6475,1
6476,0
6477,0
6478,1
6479,1
6481,0
6482,0
6484,0
6486,0
6491,0
6492,1
6494,1
6495,1
6496,1
6497,1
6498,0
6499,0
6504,0
6505,0
6506,0
6508,1
6509,0
6511,1
6512,1
6514,0
6515,0
6519,0
6520,0
6522,1
6524,1
6528,0
6531,1
6532,0
6533,0
6539,0
6541,1
6546,0
6554,1
6557,1
6559,0
6565,0
6567,0
6568,0
6569,0
6570,1
6573,0
6574,1
6578,1
6582,0
6583,0
6589,1
6594,0
6597,1
6602,1
6604,1
6606,0
6609,1
6610,1
6611,1
6612,1
6616,0
6617,0
6623,0
6625,1
6630,0
6632,0
6633,0
6634,1
6636,0
6638,0
6639,0
6640,1
6641,0
6645,1
6646,1
6647,1
6649,0
6650,1
6652,1
6653,0
6656,0
6658,0
6660,1
6665,0
6667,0
6670,0
6673,0
6676,0
6680,1
6686,1
6687,1
6690,1
6692,1
6694,0
6702,0
6703,0
6704,0
6711,0
6714,0
6717,1
6718,1
6720,1
6722,0
6723,0
6724,0
6725,1
6727,0
6728,0
6729,0
6732,0
6735,0
6738,0
6739,0
6747,0
6749,0
6753,0
6755,1
6759,0
6761,1
6763,0
6764,1
6768,1
6769,1
6778,1
6780,0
6782,0
6783,0
6784,0
6785,1
6787,0
6789,1
6790,1
6794,0
6795,1
6799,1
6800,0
6803,0
6804,0
6807,0
6809,0
6812,1
6814,0
6815,0
6816,0
6817,1
6818,0
6825,1
6826,0
6836,0
6837,0
6839,0
6840,1
6841,0
6843,0
6844,0
6845,0
6846,1
6848,0
6849,0
6854,1
6857,0
6860,0
6863,1
6868,0
6872,0
6873,0
6874,1
6876,1
6877,1
6879,0
6882,1
6884,1
6887,0
6893,0
6895,0
6897,0
6900,1
6901,0
6902,0
6903,0
6905,1
6907,0
6909,1
6914,0
6916,1
6918,0
6919,1
6920,1
6924,1
6926,0
6930,0
6932,0
6939,1
6941,1
6944,0
6948,1
6950,1
6951,1
6952,0
6953,0
6955,0
6961,0
6964,0
6965,0
6969,0
6970,1
6973,1
6977,0
6978,0
6981,1
6988,0
6989,0
6997,1
6999,0
7000,1
7009,0
7010,0
7012,0
7015,0
7017,0
7019,1
7020,1
7022,0
7024,0
7026,1
7033,0
7039,0
7043,0
7044,1
7048,0
7049,0
7051,0
7052,1
7058,1
7059,1
7061,0
7065,0
7072,1
7073,1
7074,1
7076,0
7079,1
7085,0
7087,0
7090,0
7093,0
7094,1
7100,0
7102,0
7104,1
7106,0
7108,1
7111,0
7113,1
7114,1
7120,0
7127,1
7128,1
7132,1
7134,1
7139,0
7141,1
7142,0
7150,0
7152,0
7153,0
7156,1
7164,0
7165,1
7167,0
7171,1
7175,0
7184,1
7186,0
7188,0
7190,1
7192,0
7194,1
7199,0
7205,0
7206,1
7210,0
7212,1
7214,0
7215,0
7219,0
7225,1
7228,0
7229,0
7230,0
7234,1
7235,1
7238,0
7239,0
7242,0
7243,0
7248,0
7250,1
7252,0
7255,1
7258,0
7260,0
7264,0
7265,0
7269,1
7272,1
7276,0
7279,1
7280,0
7281,0
7283,0
7286,0
7288,0
7291,1
7294,0
7296,0
7297,0
7303,1
7304,0
7306,0
7314,1
7316,1
7323,1
7326,1
7329,0
7330,0
7331,0
7332,0
7334,0
7336,0
7338,0
7339,0
7341,1
7342,1
7343,0
7344,1
7345,1
7348,0
7349,1
7350,0
7352,0
7353,1
7358,0
7361,1
7365,0
7368,1
7369,1
7373,1
7375,0
7379,0
7381,1
7383,0
7388,1
7390,1
7391,0
7394,1
7398,1
7401,1
7402,1
7407,0
7409,1
7415,0
7418,0
7422,0
7423,1
7427,1
7428,1
7429,0
7435,0
7437,0
7440,0
7441,1
7442,0
7443,0
7447,0
7448,0
7449,1
7452,0
7456,1
7457,0
7459,0
7462,1
7463,1
7465,0
7466,0
7468,0
7469,1
7470,1
7471,1
7472,0
7474,0
7475,0
7476,0
7478,1
7482,0
7483,0
7484,0
7486,1
7494,0
7500,0
7504,0
7505,0
7506,0
7507,0
7509,0
7511,0
7512,1
7516,0
7517,1
7521,1
7523,0
7524,0
7526,0
7528,1
7530,0
7532,0
7533,0
7535,1
7536,0
7539,1
7540,0
7544,0
7545,0
7546,0
7547,0
7561,0
7564,0
7565,0
7568,1
7571,1
7572,1
7573,0
7574,1
7575,0
7577,1
7578,0
7583,0
7584,1
7585,1
7586,0
7587,0
7590,0
7591,0
7592,0
7595,1
7599,0
7601,0
7603,0
7605,1
7608,1
7611,0
7614,0
7615,0
7617,0
7618,0
7619,1
7623,0
7625,0
7628,0
7629,0
7630,1
7637,0
7638,1
7639,1
7643,0
7644,0
7645,1
7650,0
7654,0
7656,1
7657,1
7665,0
7667,1
7672,0
7674,1
7676,0
7687,0
7690,0
7691,1
7693,0
7705,0
7706,1
7708,0
7709,1
7713,0
7714,1
7716,0
7718,0
7721,1
7723,0
7726,0
7730,1
7731,1
7733,0
7735,1
7739,0
7740,0
7741,0
7744,0
7751,0
7753,1
7754,0
7759,0
7770,0
7776,0
7777,1
7780,0
7785,1
7790,0
7796,0
7800,0
7801,0
7804,0
7805,1
7817,0
7820,1
7824,0
7825,1
7826,0
7829,0
7830,0
7831,0
7833,0
7836,0
7837,0
7838,0
7839,0
7840,0
7843,1
7849,0
7850,0
7858,1
7859,0
7861,0
7862,0
7867,1
7868,0
7869,1
7870,1
7871,1
7873,1
7877,0
7879,0
7882,0
7887,0
7888,1
7889,0
7890,1
7894,1
7895,0
7904,1
7905,0
7912,0
7914,0
7915,0
7921,0
7923,1
7926,1
7928,0
7929,0
7930,0
7932,0
7935,1
7937,1
7939,0
7942,1
7943,0
7947,0
7948,0
7952,1
7956,0
7958,0
7960,0
7971,0
7973,0
7974,0
7978,0
7983,1
7986,0
7988,0
7990,0
7991,0
7992,0
7994,0
7995,1
7997,1
7998,1
7999,0
8001,0
8003,0
8006,0
8008,0
8009,0
8012,1
8016,1
8017,1
8019,0
8020,1
8021,1
8022,1
8023,1
8024,0
8025,1
8026,0
8027,0
8028,0
8030,1
8031,1
8033,0
8034,0
8037,0
8038,0
8040,1
8041,1
8044,0
8046,1
8048,0
8049,1
8051,0
8056,0
8061,1
8062,0
8063,0
8064,1
8065,0
8066,0
8067,1
8072,1
8073,0
8078,0
8079,0
8082,0
8086,0
8092,0
8100,0
8101,1
8102,0
8103,0
8104,0
8106,0
8109,0
8110,0
8113,0
8114,0
8115,0
8118,0
8120,0
8121,1
8123,0
8125,1
8129,0
8130,1
8131,1
8134,0
8137,1
8141,1
8149,1
8155,0
8156,0
8159,1
8161,0
8162,1
8164,1
8168,0
8172,0
8175,0
8178,0
8184,0
8187,0
8190,0
8191,1
8192,0
8194,0
8203,1
8209,0
8219,0
8221,0
8222,0
8224,0
8225,0
8227,0
8234,1
8235,1
8236,1
8239,0
8240,1
8246,0
8248,1
8249,0
8250,0
8251,0
8255,1
8256,0
8257,0
8261,0
8264,0
8266,1
8268,1
8271,0
8272,0
8273,1
8276,0
8277,0
8280,1
8281,1
8284,0
8288,0
8300,0
8307,0
8308,0
8310,0
8316,0
8318,1
8323,0
8325,1
8334,0
8335,1
8336,1
8338,1
8341,1
8342,0
8343,0
8344,1
8346,1
8349,1
8350,0
8355,0
8357,0
8360,1
8362,0
8364,1
8366,0
8370,0
8372,0
8373,0
8377,1
8380,0
8385,0
8387,0
8388,1
8389,0
8393,0
8396,0
8397,0
8399,0
8400,1
8402,0
8405,0
8407,0
8415,1
8416,1
8421,0
8428,0
8429,1
8435,1
8436,1
8438,0
8440,1
8443,0
8444,1
8448,0
8449,1
8451,0
8462,0
8463,0
8464,1
8465,1
8472,0
8474,0
8475,0
8477,1
8480,0
8481,0
8482,0
8484,0
8489,0
8490,1
8492,1
8493,0
8494,0
8496,0
8497,0
8498,1
8502,1
8504,0
8512,0
8514,0
8515,1
8516,1
8517,1
8519,1
8523,0
8524,0
8525,1
8527,1
8528,0
8531,0
8538,1
8542,1
8543,0
8548,1
8550,0
8554,1
8557,0
8559,1
8561,1
8564,1
8567,1
8570,1
8571,0
8573,1
8576,1
8578,1
8580,0
8581,0
8585,1
8588,1
8589,0
8591,0
8596,0
8598,0
8600,0
8608,0
8610,0
8611,0
8612,0
8613,0
8616,0
8617,0
8621,0
8622,0
8623,1
8629,1
8631,0
8632,1
8641,1
8643,1
8653,0
8654,1
8655,1
8657,1
8658,0
8661,1
8664,0
8670,1
8672,1
8674,0
8676,0
8677,1
8678,1
8680,0
8683,0
8685,1
8688,1
8691,0
8692,0
8698,0
8700,0
8702,0
8704,0
8707,0
8709,1
8711,0
8716,1
8717,1
8727,0
8731,1
8733,1
8736,1
8739,0
8742,0
8743,1
8746,1
8748,0
8749,1
8750,1
8751,0
8752,0
8754,0
8756,0
8757,1
8758,1
8760,1
8761,1
8762,0
8764,1
8767,1
8768,0
8771,0
8774,0
8775,0
8776,0
8777,1
8778,0
8782,1
8785,0
8788,1
8791,0
8793,1
8795,0
8797,1
8800,0
8802,0
8803,0
8805,1
8808,1
8813,0
8820,0
8821,1
8825,0
8827,0
8829,0
8830,0
8834,0
8842,1
8844,1
8845,1
8848,0
8849,1
8850,1
8854,0
8855,1
8857,1
8858,0
8860,0
8867,1
8868,1
8869,0
8871,0
8873,0
8875,1
8876,0
8877,0
8879,1
8880,0
8885,1
8887,1
8895,1
8904,0
8905,1
8910,0
8914,0
8920,1
8922,0
8925,0
8932,0
8936,1
8944,0
8945,1
8947,1
8948,0
8949,0
8951,1
8952,0
8953,1
8954,1
8955,0
8957,0
8960,1
8961,0
8962,1
8963,1
8965,0
8967,1
8968,0
8969,0
8970,1
8975,1
8985,0
8988,0
8990,0
8991,0
8992,0
8993,0
8994,0
8998,0
9001,0
9002,0
9004,1
9007,0
9010,0
9012,1
9015,1
9017,1
9018,0
9024,1
9025,0
9026,0
9027,1
9029,1
9031,0
9035,0
9036,1
9037,0
9039,0
9040,0
9041,0
9043,1
9044,0
9045,0
9047,0
9049,1
9050,1
9056,0
9059,0
9063,1
9065,0
9067,0
9070,0
9071,1
9072,0
9077,1
9079,1
9081,0
9082,0
9083,0
9085,0
9087,1
9088,0
9089,1
9090,0
9092,0
9095,0
9098,0
9100,0
9101,1
9103,1
9108,1
9113,0
9116,0
9122,0
9124,0
9126,0
9128,1
9130,0
9131,0
9136,0
9138,0
9139,0
9140,0
9161,1
9165,0
9166,0
9169,1
9170,1
9172,0
9173,0
9174,0
9175,0
9177,1
9181,0
9186,0
9189,0
9200,0
9201,0
9203,1
9206,0
9207,0
9210,1
9212,0
9214,0
9217,1
9219,0
9223,1
9228,1
9229,1
9232,0
9234,1
9235,1
9238,0
9241,0
9244,1
9251,0
9259,0
9260,1
9261,0
9262,1
9263,1
9265,0
9266,0
9267,0
9270,0
9271,1
9273,0
9275,0
9278,0
9283,1
9287,1
9288,1
9291,1
9298,1
9299,1
9302,1
9304,0
9305,0
9306,0
9311,0
9312,1
9315,0
9316,0
9317,1
9319,0
9323,0
9326,0
9333,0
9334,0
9335,0
9338,1
9339,1
9340,1
9341,1
9343,1
9344,0
9345,0
9346,0
9349,1
9353,0
9354,0
9359,1
9362,1
9364,0
9365,1
9369,0
9372,0
9374,0
9375,1
9381,1
9385,0
9387,1
9388,0
9391,1
9392,0
9394,0
9395,0
9396,1
9398,0
9402,1
9403,0
9405,1
9406,0
9407,1
9413,1
9414,0
9415,0
9419,0
9422,1
9423,1
9426,0
9429,0
9430,1
9433,1
9435,1
9436,1
9443,0
9445,1
9446,0
9451,1
9452,0
9454,0
9455,1
9458,0
9459,0
9462,1
9464,0
9467,0
9473,0
9477,1
9478,1
9479,0
9481,0
9488,0
9489,1
9496,0
9498,1
9499,0
9503,1
9507,0
9511,0
9512,1
9514,1
9515,1
9516,0
9517,0
9518,0
9519,0
9522,0
9523,1
9529,1
9532,0
9533,1
9535,0
9536,0
9538,0
9540,0
9541,1
9542,0
9545,0
9548,1
9549,0
9552,1
9559,0
9560,0
9561,1
9564,1
9565,0
9566,1
9568,0
9572,0
9575,1
9578,0
9581,0
9582,1
9591,1
9592,0
9594,0
9596,0
9598,1
9599,1
9601,0
9602,0
9611,1
9612,0
9613,1
9617,1
9620,0
9623,1
9624,1
9625,0
9627,0
9632,1
9636,0
9642,0
9648,0
9649,0
9651,0
9656,1
9657,0
9661,1
9663,1
9664,1
9665,0
9666,0
9667,0
9669,1
9670,1
9680,1
9688,0
9690,0
9691,0
9692,0
9697,0
9698,0
9703,1
9705,0
9706,0
9712,0
9714,1
9717,0
9719,0
9722,0
9726,1
9732,1
9733,0
9734,1
9738,0
9739,0
9740,0
9744,1
9745,0
9746,0
9748,0
9749,1
9751,1
9753,1
9755,0
9757,1
9758,0
9759,1
9760,0
9761,1
9763,0
9764,0
9766,0
9768,0
9770,0
9772,1
9773,0
9777,0
9779,1
9781,1
9785,1
9786,0
9788,0
9790,0
9794,0
9795,1
9797,0
9799,1
9802,1
9803,0
9805,0
9811,0
9814,1
9815,1
9817,0
9820,1
9822,0
9824,0
9829,0
9830,1
9835,1
9842,0
9844,0
9850,1
9856,0
9858,0
9859,0
9860,1
9862,0
9868,1
9869,0
9877,1
9878,0
9879,0
9880,0
9883,1
9885,1
9889,0
9893,0
9896,0
9897,1
9898,1
9899,1
9900,1
9903,0
9906,1
9908,1
9909,0
9910,1
9911,1
9912,1
9913,0
9918,0
9919,1
9925,0
9927,0
9928,0
9929,0
9930,0
9932,0
9933,0
9939,1
9942,0
9948,0
9949,0
9952,1
9954,0
9955,0
9958,1
9962,1
9963,0
9964,1
9965,0
9974,0
9977,0
9978,1
9981,0
9983,0
9992,1
9993,1
9994,1
9995,0
10001,0
10003,0
10004,0
10010,1
10012,0
10016,0
10018,0
10022,0
10028,1
10032,1
10034,1
10035,0
10039,1
10042,0
10044,1
10048,1
10054,0
10055,1
10056,0
10057,0
10058,1
10059,1
10069,1
10073,1
10074,1
10075,0
10078,0
10081,0
10082,0
10087,0
10089,0
10090,0
10091,0
10094,0
10096,1
10098,0
10100,0
10102,1
10103,0
10105,1
10106,1
10107,0
10109,1
10110,0
10111,0
10114,0
10117,1
10118,1
10122,0
10125,0
10126,0
10127,0
10129,0
10138,0
10139,1
10140,0
10145,0
10153,0
10155,0
10162,0
10164,0
10167,0
10171,0
10174,0
10179,0
10180,1
10182,1
10184,0
10185,0
10186,1
10188,0
10189,1
10193,0
10198,0
10199,1
10200,0
10203,0
10204,0
10205,0
10208,1
10209,0
10210,1
10211,0
10213,1
10217,1
10218,1
10219,1
10220,0
10223,1
10226,1
10230,1
10238,1
10240,1
10241,1
10243,1
10244,0
10247,0
10248,1
10249,0
10251,0
10252,0
10253,1
10255,0
10257,1
10259,1
10264,0
10268,0
10270,0
10278,0
10280,0
10283,0
10285,0
10289,1
10290,1
10293,0
10302,0
10304,1
10306,0
10312,1
10314,1
10317,1
10319,0
10320,1
10322,0
10328,1
10329,0
10331,0
10332,1
10335,1
10336,1
10340,0
10343,0
10344,1
10349,0
10350,0
10352,0
10355,0
10361,0
10362,1
10363,1
10364,1
10365,0
10369,1
10375,0
10377,0
10381,0
10382,0
10384,1
10385,0
10386,1
10387,1
10389,1
10390,1
10395,1
10396,1
10397,0
10398,0
10399,0
10400,1
10402,0
10407,0
10408,0
10410,1
10413,1
10415,0
10418,0
10421,1
10423,0
10426,0
10427,1
10430,0
10431,1
10432,0
10433,0
10437,1
10439,0
10441,1
10443,0
10444,1
10446,0
10447,0
10449,1
10452,0
10453,1
10455,1
10459,0
10460,1
10461,0
10464,0
10466,0
10469,0
10470,0
10472,1
10473,0
10474,1
10476,0
10477,0
10478,1
10479,1
10487,0
10488,0
10491,1
10493,0
10494,1
10497,1
10498,0
10499,1
10502,0
10503,0
10504,0
10507,1
10508,0
10513,0
10517,0
10519,0
10522,1
10523,0
10524,1
10525,0
10531,1
10533,0
10534,1
10539,1
10542,0
10544,0
10545,0
10546,1
10548,1
10549,1
10553,1
10554,0
10562,0
10563,0
10564,0
10565,1
10566,1
10570,1
10571,0
10572,0
10573,0
10576,1
10577,1
10578,0
10579,0
10581,1
10583,0
10588,1
10590,0
10594,1
10596,1
10598,0
10599,0
10601,0
10604,0
10605,0
10606,1
10607,1
10611,0
10614,0
10617,0
10621,0
10622,1
10625,0
10626,0
10629,0
10631,0
10634,1
10636,0
10637,0
10641,0
10642,0
10646,0
10647,0
10652,1
10654,0
10655,0
10657,0
10662,1
10663,1
10664,0
10666,1
10667,0
10668,1
10671,0
10672,0
10677,1
10685,1
10687,1
10690,0
10698,0
10704,0
10706,1
10707,0
10709,1
10710,0
10712,0
10713,0
10719,0
10720,0
10726,0
10729,0
10730,0
10733,1
10738,1
10739,0
10740,0
10741,0
10744,0
10749,0
10752,1
10757,0
10763,1
10770,0
10771,0
10775,0
10776,1
10777,1
10778,0
10784,1
10785,0
10791,0
10795,0
10797,1
10798,0
10800,0
10801,1
10802,1
10804,1
10806,0
10807,1
10808,1
10809,1
10810,1
10812,1
10813,1
10821,0
10822,1
10823,0
10827,0
10829,1
10832,1
10842,0
10843,1
10845,0
10847,1
10850,0
10853,0
10855,0
10856,0
10858,1
10861,0
10864,0
10868,0
10872,1
10873,0
10874,1
10876,0
10880,0
10885,1
10888,0
10893,1
10899,0
10902,0
10905,0
10906,0
10908,0
10910,1
10911,0
10912,1
10914,0
10918,0
10920,0
10926,1
10933,1
10936,1
10941,1
10943,0
10948,1
10951,0
10953,1
10960,1
10963,1
10964,0
10969,0
10971,1
10972,1
10975,0
10978,0
10988,0
10992,1
10993,1
10995,0
10996,1
10997,1
10998,0
10999,0
11001,0
11002,0
11006,1
11007,0
11009,1
11011,1
11013,1
11014,0
11017,0
11019,1
11026,1
11027,1
11028,0
11030,0
11033,0
11036,1
11038,0
11040,0
11042,1
11043,0
11045,1
11046,0
11047,1
11048,1
11049,0
11050,0
11052,1
11053,0
11060,0
11062,0
11064,1
11069,0
11070,0
11075,1
11081,1
11084,0
11088,0
11091,1
11093,0
11095,1
11096,0
11099,1
11100,0
11105,1
11107,1
11109,0
11110,0
11117,0
11122,1
11124,0
11129,1
11134,1
11137,1
11139,1
11141,1
11143,0
11144,1
11146,1
11147,0
11151,0
11155,0
11157,1
11160,1
11161,0
11162,1
11166,1
11167,1
11168,0
11169,1
11171,0
11172,1
11176,0
11177,0
11179,0
11183,1
11187,0
11188,0
11189,1
11192,1
11194,1
11196,0
11199,0
11202,0
11205,1
11208,0
11209,0
11213,0
11214,0
11216,0
11228,0
11232,0
11234,0
11236,1
11237,1
11238,1
11239,0
11242,0
11243,0
11244,0
11246,1
11251,0
11255,0
11257,1
11258,0
11260,0
11268,0
11272,1
11273,0
11274,1
11278,1
11280,0
11281,0
11282,0
11286,0
11288,1
11291,0
11293,1
11294,0
11297,1
11300,1
11301,1
11302,0
11303,0
11304,0
11308,0
11309,1
11310,0
11312,0
11314,0
11316,0
11317,0
11318,0
11319,1
11321,0
11323,0
11324,0
11328,1
11329,1
11332,1
11333,1
11334,1
11335,0
11336,0
11338,1
11347,1
11349,1
11354,1
11355,0
11357,0
11358,1
11359,0
11363,0
11364,0
11365,1
11366,1
11368,0
11373,0
11376,0
11379,0
11380,0
11384,1
11386,0
11387,1
11388,0
11392,1
11395,0
11402,0
11403,1
11407,0
11411,1
11416,1
11420,1
11421,0
11422,1
11423,0
11424,1
11425,0
11426,1
11427,0
11431,1
11435,1
11436,0
11438,1
11439,0
11440,1
11443,0
11446,0
11455,0
11456,1
11459,1
11461,0
11464,0
11465,1
11466,1
11467,0
11468,1
11470,1
11472,1
11473,0
11475,1
11476,0
11478,0
11479,0
11482,0
11483,1
11484,1
11485,0
11490,0
11491,0
11494,0
11498,0
11499,0
11500,0
11503,1
11508,0
11512,1
11515,0
11521,0
11522,1
11523,1
11527,0
11533,1
11534,0
11535,0
11537,0
11538,0
11539,1
11541,0
11544,1
11545,0
11546,0
11547,0
11554,1
11556,0
11557,1
11558,0
11563,1
11565,1
11566,0
11568,0
11569,1
11571,0
11572,1
11573,1
11574,0
11580,0
11582,0
11584,0
11587,1
11591,1
11595,0
11599,0
11603,0
11606,1
11609,0
11613,0
11614,0
11615,0
11618,1
11620,1
11623,1
11627,0
11628,0
11637,0
11642,0
11643,0
11644,1
11645,0
11646,1
11647,0
11650,0
11652,1
11654,0
11656,0
11657,0
11659,0
11664,0
11667,0
11668,1
11672,0
11673,1
11675,0
11678,0
11681,0
11683,1
11685,0
11686,1
11687,0
11688,1
11689,1
11692,0
11697,0
11700,0
11703,0
11705,0
11708,1
11711,0
11712,1
11716,1
11717,1
11718,0
11719,0
11722,1
11724,0
11725,0
11727,1
11728,1
11730,1
11731,0
11738,0
11739,0
11740,1
11742,1
11743,0
11745,1
11749,1
11750,1
11751,0
11753,0
11756,0
11764,1
11765,0
11767,1
11768,0
11772,0
11775,0
11780,0
11785,0
11788,1
11797,1
11803,1
11804,0
11808,0
11817,0
11818,0
11823,0
11824,0
11829,0
11832,0
11834,1
11836,1
11837,0
11838,0
11839,1
11842,0
11846,0
11849,0
11850,1
11852,0
11858,1
11860,0
11861,0
11862,1
11864,0
11865,1
11866,0
11867,1
11868,1
11871,0
11874,0
11876,0
11879,1
11881,0
11882,1
11885,0
11886,0
11887,1
11888,0
11889,0
11890,0
11894,0
11897,1
11900,0
11901,0
11902,1
11905,0
11909,0
11914,0
11915,1
11916,1
11920,1
11921,0
11922,1
11923,0
11924,0
11925,0
11927,0
11929,0
11930,0
11931,1
11932,0
11934,0
11935,0
11939,0
11940,0
11942,0
11943,1
11944,1
11946,1
11949,0
11951,1
11954,0
11958,1
11963,1
11964,1
11971,0
11973,0
11974,0
11978,0
11980,0
11981,1
11984,1
11986,1
11988,0
11989,1
11993,0
11994,0
11995,0
11997,0
11998,0
12000,1
12001,0
12002,1
12005,1
12009,0
12011,0
12012,1
12014,1
12017,0
12018,1
12019,1
12021,1
12022,0
12030,1
12033,1
12036,0
12038,0
12042,0
12043,0
12044,0
12047,1
12049,1
12055,0
12056,1
12060,0
12061,1
12066,0
12067,0
12070,0
12071,0
12073,1
12074,1
12075,1
12077,1
12079,1
12080,1
12082,0
12083,0
12087,0
12089,0
12092,0
12100,0
12101,1
12105,0
12109,1
12113,1
12117,1
12118,1
12119,0
12121,0
12124,1
12128,0
12129,0
12134,0
12136,1
12137,1
12139,0
12144,1
12145,1
12146,1
12147,1
12152,1
12153,0
12156,0
12157,0
12158,0
12159,1
12160,0
12166,0
12167,0
12171,0
12172,0
12175,0
12180,0
12182,0
12183,0
12189,0
12192,0
12194,0
12200,1
12203,0
12207,1
12211,0
12213,0
12218,1
12221,1
12223,1
12224,1
12229,1
12233,1
12235,0
12237,0
12238,0
12239,0
12240,0
12241,1
12242,1
12246,1
12247,0
12249,0
12251,1
12252,0
12253,1
12255,1
12256,0
12258,0
12259,1
12263,0
12265,1
12267,0
12268,1
12270,0
12271,1
12272,0
12273,0
12274,0
12275,0
12276,0
12279,1
12280,1
12283,0
12284,0
12285,0
12286,0
12287,0
12292,0
12293,0
12296,0
12298,1
12302,1
12303,0
12304,0
12306,0
12307,0
12308,0
12314,0
12316,0
12317,0
12320,0
12321,0
12325,0
12330,1
12331,1
12334,1
12338,1
12342,0
12343,0
12348,0
12351,1
12352,0
12353,0
12356,0
12359,1
12362,0
12363,1
12364,1
12369,0
12372,1
12375,0
12378,0
12379,0
12380,0
12381,1
12385,1
12386,0
12392,0
12393,0
12397,0
12400,1
12401,0
12402,0
12403,0
12405,1
12406,1
12408,0
12413,0
12414,0
12418,1
12422,0
12433,1
12435,0
12436,1
12437,0
12445,1
12448,1
12451,0
12452,0
12453,1
12454,0
12457,0
12458,0
12460,0
12461,1
12466,1
12467,1
12469,1
12470,0
12471,0
12474,0
12477,0
12479,1
12486,0
12492,0
12494,0
12495,0
12497,0
12500,0
12503,1
12504,0
12508,1
12509,0
12512,0
12515,1
12520,1
12524,1
12526,1
12528,0
12529,0
12531,1
12533,1
12534,0
12536,0
12537,0
12538,1
12539,1
12540,1
12544,1
12545,0
12548,1
12550,0
12551,0
12555,0
12558,0
12559,0
12563,0
12569,0
12572,0
12574,1
12580,1
12581,0
12582,0
12584,1
12588,0
12594,0
12595,1
12597,0
12599,0
12600,0
12601,1
12604,0
12608,1
12610,1
12614,0
12617,0
12618,0
12624,0
12625,0
12630,0
12631,0
12634,1
12637,0
12642,1
12652,0
12653,0
12656,0
12658,1
12661,0
12668,0
12672,0
12673,1
12675,1
12676,0
12677,1
12678,0
12682,1
12684,1
12685,1
12688,0
12692,0
12700,0
12701,0
12706,0
12710,1
12711,0
12717,0
12718,1
12726,0
12728,1
12730,0
12733,0
12737,0
12738,1
12742,0
12745,0
12747,1
12748,0
12749,0
12750,0
12752,0
12760,1
12761,1
12770,0
12772,1
12774,1
12780,0
12783,0
12785,0
12786,1
12787,1
12790,1
12791,1
12794,0
12800,1
12801,0
12802,0
12803,0
12806,1
12807,1
12808,0
12810,0
12814,0
12816,1
12823,0
12824,0
12826,0
12827,1
12829,0
12832,1
12833,0
12834,1
12836,1
12837,0
12841,0
12845,0
12847,1
12850,0
12852,0
12853,1
12854,1
12855,1
12856,1
12857,1
12858,0
12861,1
12862,0
12864,1
12865,0
12867,0
12868,0
12869,0
12871,0
12873,1
12876,1
12879,0
12883,0
12886,0
12890,1
12895,0
12896,1
12900,1
12902,0
12903,1
12904,1
12910,0
12911,1
12921,1
12924,1
12928,1
12932,0
12933,0
12936,1
12938,1
12940,0
12941,1
12942,0
12943,0
12945,0
12950,0
12952,0
12955,0
12959,1
12960,0
12962,0
12963,1
12964,1
12965,0
12973,1
12976,0
12979,0
12981,0
12988,1
12996,1
13002,1
13003,0
13007,0
13009,1
13016,0
13017,0
13022,1
13024,0
13026,0
13030,1
13031,0
13035,0
13041,1
13042,1
13044,0
13047,0
13048,1
13049,0
13050,1
13052,0
13054,0
13055,1
13056,0
13065,0
13067,0
13070,0
13072,1
13073,0
13074,0
13078,0
13082,0
13086,0
13087,1
13090,0
13091,1
13092,1
13093,0
13094,1
13097,1
13099,1
13101,1
13102,1
13104,1
13106,1
13108,0
13109,0
13110,1
13112,1
13113,1
13114,0
13120,0
13121,0
13124,0
13125,0
13127,0
13133,0
13134,0
13135,0
13140,0
13142,0
13144,0
13146,1
13150,0
13152,0
13155,1
13156,0
13161,0
13163,0
13165,1
13166,0
13167,0
13169,1
13170,0
13172,1
13173,1
13174,0
13175,1
13178,1
13180,0
13187,0
13190,0
13197,0
13198,0
13200,0
13201,1
13203,1
13204,0
13219,0
13221,1
13222,1
13225,1
13226,0
13229,0
13233,0
13237,0
13240,1
13241,0
13242,0
13243,1
13245,0
13247,0
13254,0
13256,0
13262,0
13263,1
13265,0
13267,0
13268,0
13270,1
13272,1
13273,0
13274,1
13279,1
13286,1
13289,0
13291,0
13295,0
13297,0
13298,0
13300,0
13301,1
13303,0
13305,1
13307,0
13315,0
13318,1
13319,1
13324,0
13328,0
13330,0
13331,0
13333,1
13334,1
13337,1
13340,1
13341,0
13343,0
13346,0
13347,0
13351,0
13353,1
13356,0
13357,0
13360,1
13364,1
13369,0
13370,1
13371,1
13372,0
13373,0
13376,1
13378,1
13381,1
13383,1
13384,0
13386,1
13390,1
13391,0
13393,1
13395,1
13396,1
13400,0
13408,0
13409,1
13410,1
13414,1
13416,0
13420,0
13421,0
13423,0
13424,0
13426,1
13427,0
13428,1
13430,1
13432,0
13433,1
13434,0
13437,1
13438,1
13439,1
13440,1
13441,0
13443,0
13445,0
13447,0
13448,0
13450,0
13454,0
13465,1
13468,1
13471,0
13474,0
13475,1
13477,0
13478,1
13479,0
13482,0
13483,1
13485,0
13486,0
13490,1
13497,0
13500,0
13504,1
13507,0
13508,0
13509,0
13512,0
13513,1
13514,0
13515,0
13518,1
13519,1
13520,1
13526,0
13527,1
13533,0
13536,1
13538,0
13541,0
13543,0
13549,1
13550,0
13551,0
13552,0
13553,1
13555,1
13559,1
13560,0
13562,1
13567,0
13572,1
13578,1
13581,1
13582,1
13585,1
13586,0
13591,1
13595,0
13597,1
13599,0
13602,0
13603,1
13609,1
13610,0
13613,0
13614,0
13618,0
13619,1
13621,1
13625,0
13627,0
13628,1
13630,0
13633,0
13636,0
13637,0
13638,0
13640,0
13648,0
13650,0
13652,0
13656,1
13661,0
13663,0
13665,1
13667,0
13668,0
13671,0
13672,1
13678,1
13683,0
13684,0
13685,1
13686,1
13687,1
13691,0
13696,0
13697,0
13698,0
13699,0
13700,0
13703,1
13705,0
13707,0
13708,0
13710,0
13711,0
13713,0
13715,0
13721,0
13724,1
13730,0
13735,1
13737,0
13739,1
13740,0
13744,1
13747,0
13748,0
13750,1
13751,0
13755,1
13756,0
13758,1
13759,0
13764,0
13766,1
13767,0
13773,1
13775,0
13778,0
13779,0
13785,0
13789,1
13791,0
13792,0
13794,0
13797,1
13798,0
13802,1
13810,0
13811,0
13816,0
13820,1
13821,1
13822,0
13823,0
13824,1
13827,1
13828,0
13830,0
13831,1
13833,1
13835,0
13836,0
13838,0
13839,0
13841,0
13846,1
13847,0
13849,1
13851,0
13852,0
13853,0
13858,0
13862,1
13864,1
13871,1
13872,1
13876,0
13878,1
13881,1
13883,0
13884,0
13890,0
13891,1
13892,1
13893,0
13894,0
13897,0
13902,1
13911,0
13913,0
13914,1
13916,1
13920,0
13924,0
13926,0
13927,0
13928,0
13931,1
13935,1
13937,1
13938,1
13942,1
13943,0
13944,0
13945,1
13947,0
13956,0
13958,1
13959,1
13960,0
13969,0
13974,1
13975,1
13978,1
13980,1
13987,1
13988,0
13989,0
13990,0
13993,0
13997,0
14001,0
14002,1
14004,1
14005,0
14006,0
14010,0
14017,0
14018,0
14025,0
14027,0
14028,1
14033,0
14036,0
14037,0
14039,1
14044,1
14048,1
14049,0
14052,1
14053,0
14054,0
14059,1
14060,0
14062,1
14063,0
14065,0
14066,0
14068,0
14069,0
14070,1
14075,0
14077,1
14082,1
14083,0
14084,1
14086,0
14087,1
14090,0
14093,0
14094,1
14096,0
14099,1
14104,0
14105,0
14106,1
14112,1
14115,0
14119,1
14121,0
14122,0
14123,1
14125,1
14126,1
14127,0
14129,0
14131,0
14134,1
14135,0
14143,1
14144,0
14147,1
14153,0
14161,0
14165,1
14168,1
14169,1
14170,0
14172,0
14173,1
14175,0
14177,0
14180,1
14181,0
14185,0
14188,0
14190,0
14193,1
14196,0
14198,1
14201,0
14204,0
14205,1
14207,0
14208,0
14209,0
14210,0
14213,0
14214,0
14216,1
14217,0
14219,0
14220,1
14222,0
14223,1
14224,0
14225,1
14228,0
14230,1
14233,0
14237,0
14240,0
14244,1
14247,1
14250,0
14251,1
14252,0
14254,1
14258,0
14262,1
14266,1
14267,0
14270,0
14272,1
14274,0
14281,1
14294,0
14297,0
14299,1
14300,0
14303,1
14306,1
14309,0
14313,1
14319,0
14322,0
14324,0
14330,1
14331,0
14333,0
14334,0
14336,0
14338,0
14339,0
14343,0
14344,1
14345,1
14348,1
14350,0
14354,0
14355,1
14356,1
14359,1
14360,0
14361,0
14363,1
14365,1
14367,0
14372,1
14376,1
14377,1
14378,0
14379,1
14380,0
14381,0
14385,0
14388,0
14389,0
14390,0
14391,1
14392,0
14395,1
14397,1
14398,1
14400,0
14402,0
14403,1
14409,1
14410,1
14412,1
14414,0
14417,1
14419,0
14420,0
14422,1
14424,0
14426,1
14427,0
14428,0
14429,0
14433,0
14435,0
14436,0
14439,0
14440,0
14445,0
14447,1
14450,0
14453,0
14455,0
14456,1
14460,0
14462,1
14467,0
14468,0
14472,0
14473,0
14474,1
14475,1
14477,1
14480,0
14482,1
14485,1
14486,1
14487,0
14489,1
14491,1
14493,0
14497,1
14498,1
14507,1
14510,1
14511,0
14514,0
14517,0
14518,0
14528,0
14531,1
14532,1
14535,0
14536,1
14537,0
14540,0
14542,0
14544,0
14545,1
14546,0
14547,1
14548,0
14551,0
14552,1
14553,1
14554,0
14555,1
14557,0
14558,0
14560,0
14562,0
14569,0
14570,0
14571,0
14575,1
14578,1
14579,0
14580,0
14583,0
14585,1
14587,1
14588,1
14593,0
14595,1
14596,0
14599,0
14609,0
14610,1
14613,0
14616,1
14620,1
14622,0
14624,0
14625,0
14626,1
14627,0
14634,1
14638,0
14641,1
14647,0
14649,0
14653,0
14654,1
14655,0
14657,1
14658,0
14660,0
14661,1
14663,1
14665,1
14667,0
14668,0
14670,1
14671,0
14672,1
14673,0
14674,1
14679,1
14682,0
14685,1
14687,0
14688,0
14689,0
14691,0
14693,0
14696,0
14697,1
14698,0
14700,0
14701,0
14704,1
14705,0
14706,0
14708,0
14709,1
14716,0
14717,1
14720,0
14721,1
14722,0
14723,0
14724,0
14727,1
14729,0
14731,1
14733,0
14734,1
14737,0
14738,0
14739,0
14741,1
14744,0
14745,0
14746,1
14755,0
14756,1
14757,0
14760,0
14761,0
14765,1
14768,1
14772,1
14776,0
14778,0
14780,1
14781,1
14782,0
14786,0
14787,0
14788,0
14789,0
14790,0
14791,1
14793,1
14794,1
14795,0
14797,0
14798,0
14803,1
14804,0
14816,1
14819,0
14823,0
14826,0
14827,1
14828,0
14829,0
14831,0
14832,0
14833,0
14837,1
14839,0
14842,0
14844,1
14845,0
14847,0
14852,0
14856,1
14860,0
14862,0
14864,1
14865,1
14866,0
14867,0
14868,0
14869,1
14871,1
14872,1
14878,0
14880,0
14881,1
14892,1
14898,0
14899,1
14900,1
14905,0
14906,0
14907,0
14911,1
14912,1
14913,0
14916,0
14918,0
14919,1
14920,0
14923,1
14930,1
14935,0
14936,0
14938,1
14942,1
14944,0
14946,0
14948,1
14950,1
14953,1
14960,1
14962,0
14964,0
14967,0
14971,1
14973,0
14974,0
14977,0
14979,1
14980,1
14981,1
14983,0
14987,0
14993,0
14994,0
14995,0
14999,0
15002,1
15006,1
15016,0
15018,0
15021,0
15022,1
15023,0
15025,1
15026,1
15027,1
15031,1
15035,0
15039,0
15041,0
15042,0
15044,1
15046,1
15047,0
15049,1
15053,0
15055,1
15056,0
15058,0
15066,0
15067,0
15068,0
15071,1
15072,0
15074,0
15075,0
15076,0
15077,0
15082,1
15083,0
15084,1
15087,0
15088,0
15089,0
15091,0
15095,1
15096,0
15098,0
15099,1
15106,0
15109,0
15110,1
15112,1
15116,1
15117,1
15120,1
15122,0
15123,1
15125,1
15134,0
15137,1
15138,1
15139,1
15141,1
15148,1
15149,0
15151,0
15152,0
15159,1
15160,0
15162,0
15164,0
15165,0
15166,0
15168,0
15175,1
15178,0
15179,1
15185,0
15187,0
15191,1
15196,0
15197,1
15199,1
15203,0
15204,0
15205,0
15207,0
15210,0
15212,0
15215,0
15220,0
15222,0
15229,1
15233,0
15237,0
15238,0
15240,0
15244,0
15248,0
15250,0
15252,0
15253,1
15256,1
15259,1
15264,1
15265,0
15267,1
15268,0
15269,1
15270,0
15271,0
15272,0
15273,0
15274,0
15275,0
15278,0
15279,1
15281,0
15287,0
15289,1
15290,0
15292,1
15300,1
15301,0
15303,1
15305,1
15308,1
15310,1
15313,0
15314,1
15315,1
15316,0
15319,0
15321,0
15323,1
15324,0
15325,1
15327,0
15329,0
15332,0
15334,0
15335,1
15336,1
15337,1
15342,1
15343,1
15348,0
15352,0
15356,1
15357,0
15366,0
15367,0
15369,0
15370,0
15375,0
15377,1
15379,0
15380,0
15383,0
15384,0
15396,0
15397,0
15399,0
15400,0
15404,1
15405,1
15406,0
15409,1
15417,0
15418,0
15421,1
15423,0
15425,0
15432,0
15433,1
15434,1
15435,0
15438,1
15440,1
15443,0
15444,0
15447,0
15448,0
15456,0
15458,0
15459,0
15462,0
15469,0
15475,1
15477,0
15482,1
15485,0
15487,0
15488,0
15489,0
15490,0
15492,1
15494,0
15496,1
15499,0
15500,0
15501,0
15503,1
15505,0
15506,0
15507,1
15509,0
15510,0
15514,0
15528,0
15530,1
15531,1
15533,0
15534,1
15535,1
15536,1
15537,0
15538,0
15539,1
15541,0
15542,0
15547,0
15551,0
15553,0
15561,0
15562,0
15565,1
15568,0
15569,0
15571,0
15580,1
15583,1
15585,0
15586,1
15587,0
15589,0
15591,0
15593,1
15595,0
15596,1
15598,0
15599,1
15600,1
15602,0
15603,0
15604,0
15606,0
15612,0
15615,0
15618,1
15619,0
15623,1
15624,0
15625,1
15628,1
15629,0
15630,0
15633,0
15639,1
15641,0
15645,1
15647,0
15651,0
15652,1
15656,0
15657,1
15658,0
15662,1
15663,1
15665,1
15666,0
15667,0
15673,1
15674,1
15677,0
15678,1
15679,1
15680,1
15683,0
15685,0
15687,1
15691,1
15695,1
15700,0
15701,1
15703,0
15706,0
15708,0
15713,1
15715,0
15717,0
15718,0
15721,0
15722,0
15728,0
15731,0
15732,0
15733,0
15737,0
15740,1
15742,1
15744,0
15748,0
15753,0
15755,1
15761,1
15763,0
15768,0
15770,0
15771,0
15774,1
15779,1
15784,1
15785,0
15786,1
15790,1
15793,1
15794,0
15795,1
15797,1
15799,1
15802,0
15803,1
15804,0
15806,0
15807,1
15808,0
15809,0
15810,0
15812,1
15813,0
15815,0
15817,1
15820,1
15825,0
15826,1
15829,1
15830,1
15836,1
15838,0
15840,0
15842,1
15844,1
15845,0
15849,0
15852,1
15855,1
15864,1
15866,1
15870,0
15871,0
15873,1
15874,1
15876,0
15878,1
15879,1
15881,0
15889,1
15891,1
15898,0
15899,0
15901,1
15903,0
15904,0
15905,0
15907,0
15909,1
15910,0
15911,0
15913,1
15914,0
15918,1
15924,0
15928,1
15929,0
15935,1
15937,1
15940,0
15943,1
15949,0
15951,1
15953,1
15954,1
15959,0
15960,0
15961,1
15963,1
15964,0
15970,1
15972,0
15973,0
15974,0
15975,1
15981,1
15982,1
15984,0
15986,1
15989,1
15991,1
15992,0
15997,0
16001,0
16002,1
16003,0
16007,0
16009,1
16014,0
16015,0
16017,0
16020,0
16021,1
16024,0
16027,1
16029,0
16032,1
16033,0
16034,0
16038,0
16041,1
16042,0
16043,0
16045,0
16049,1
16051,0
16053,0
16057,1
16059,1
16060,0
16061,1
16065,1
16067,0
16071,1
16072,0
16074,1
16075,0
16076,0
16077,0
16078,0
16084,0
16087,0
16089,1
16091,1
16092,0
16096,0
16097,1
16098,0
16099,1
16100,0
16101,0
16105,1
16108,0
16109,1
16110,1
16112,0
16118,1
16122,0
16124,1
16129,0
16131,0
16132,0
16137,1
16139,1
16140,1
16146,0
16149,1
16151,0
16152,0
16154,0
16155,0
16156,0
16161,0
16162,0
16163,0
16164,0
16165,0
16171,0
16175,0
16178,0
16180,0
16181,1
16184,0
16185,0
16186,1
16187,0
16188,1
16192,1
16193,1
16194,0
16196,1
16203,1
16204,0
16206,0
16207,1
16208,0
16211,1
16212,0
16213,0
16214,0
16216,0
16218,0
16219,0
16227,0
16228,1
16236,1
16238,0
16239,0
16243,0
16244,0
16245,0
16247,0
16248,0
16251,1
16254,0
16263,0
16264,0
16265,0
16269,0
16272,1
16274,1
16277,0
16278,1
16283,0
16286,0
16288,0
16290,1
16291,0
16292,1
16293,1
16296,0
16298,1
16299,0
16300,1
16303,0
16305,1
16307,1
16310,0
16311,1
16312,0
16313,0
16321,1
16323,1
16327,0
16330,1
16332,1
16333,1
16338,0
16339,0
16341,1
16344,0
16351,0
16357,0
16358,1
16366,1
16368,0
16370,0
16376,0
16378,1
16380,1
16381,0
16383,1
16385,1
16386,0
16389,1
16391,0
16392,0
16393,0
16402,1
16403,0
16405,0
16406,1
16407,1
16411,1
16413,1
16415,1
16420,0
16421,0
16426,1
16430,0
16434,1
16439,0
16440,0
16441,1
16444,1
16445,0
16447,1
16452,0
16454,1
16457,1
16459,1
16463,0
16466,1
16469,1
16476,1
16477,0
16478,0
16479,1
16480,1
16485,0
16492,1
16493,1
16495,0
16496,1
16498,1
16499,0
16502,1
16506,0
16511,1
16514,1
16515,0
16517,1
16518,0
16519,0
16522,0
16523,1
16524,0
16525,0
16526,0
16528,0
16530,0
16535,1
16538,1
16544,0
16545,1
16548,0
16550,1
16551,1
16552,1
16553,0
16554,0
16559,0
16560,1
16564,1
16568,1
16569,1
16573,1
16574,1
16580,1
16582,1
16587,0
16589,1
16591,0
16594,0
16595,0
16597,1
16605,0
16606,0
16609,0
16612,0
16615,0
16617,0
16621,1
16622,0
16627,1
16631,1
16632,1
16633,0
16635,1
16636,1
16637,1
16643,0
16644,0
16645,1
16646,0
16647,0
16648,0
16649,0
16650,0
16654,0
16655,0
16656,1
16658,0
16660,0
16664,0
16665,0
16666,0
16669,0
16672,0
16675,1
16676,1
16686,1
16687,0
16688,0
16689,1
16690,0
16693,1
16696,1
16697,0
16699,1
16702,0
16703,1
16704,0
16706,0
16708,0
16710,0
16711,0
16712,1
16714,0
16715,0
16716,1
16717,0
16719,0
16720,0
16723,0
16725,0
16727,1
16729,0
16730,0
16733,1
16735,1
16737,1
16738,0
16739,0
16746,0
16750,0
16753,0
16754,0
16758,0
16759,0
16762,0
16764,1
16768,1
16770,0
16772,0
16773,0
16774,0
16778,0
16779,0
16783,1
16787,1
16789,1
16791,1
16794,1
16796,1
16805,1
16807,0
16809,0
16810,0
16811,1
16814,0
16815,1
16816,0
16818,0
16819,0
16820,1
16821,1
16824,0
16825,0
16831,1
16833,0
16834,1
16835,1
16840,1
16844,0
16848,0
16851,0
16857,1
16858,0
16860,0
16863,0
16864,1
16865,0
16866,0
16868,0
16870,0
16873,0
16876,0
16878,0
16880,0
16887,0
16888,0
16889,1
16892,0
16895,0
16896,1
16898,0
16899,1
16901,0
16908,1
16909,1
16913,1
16916,0
16919,0
16920,1
16923,0
16924,1
16934,0
16936,0
16939,1
16943,0
16944,1
16945,0
16949,0
16950,0
16952,1
16954,1
16958,0
16963,0
16964,0
16965,1
16966,0
16967,1
16968,0
16970,1
16972,0
16974,0
16975,0
16977,1
16981,1
16982,0
16983,1
16988,0
16990,1
16991,0
16993,1
16995,0
16996,1
16998,0
17000,1
17001,0
17002,1
17003,1
17006,0
17007,0
17008,1
17011,0
17013,0
17014,0
17016,0
17019,1
17029,1
17032,0
17034,1
17035,0
17040,1
17041,0
17046,0
17053,1
17056,0
17057,0
17059,0
17062,0
17066,0
17067,0
17069,0
17071,0
17081,0
17082,0
17086,1
17087,1
17088,0
17090,0
17103,1
17104,1
17108,0
17116,0
17119,0
17120,1
17126,0
17127,1
17129,1
17131,0
17132,1
17133,0
17134,0
17135,1
17138,1
17141,1
17147,0
17148,0
17149,0
17167,0
17169,0
17176,0
17181,1
17182,0
17183,0
17184,1
17186,0
17188,0
17192,0
17194,1
17195,1
17196,1
17197,1
17198,1
17199,0
17201,0
17203,0
17205,1
17206,1
17210,0
17216,1
17217,1
17218,1
17223,0
17224,0
17225,1
17226,0
17227,0
17236,0
17238,1
17239,1
17240,0
17241,0
17243,0
17244,1
17249,0
17252,1
17257,0
17261,0
17266,1
17268,1
17273,1
17276,0
17278,0
17279,1
17280,0
17284,1
17288,0
17290,0
17292,0
17294,0
17295,1
17298,0
17299,0
17303,1
17305,0
17308,0
17311,0
17312,0
17315,0
17317,0
17320,0
17323,0
17325,1
17326,0
17331,1
17332,0
17337,1
17340,1
17347,0
17348,0
17350,1
17354,0
17355,0
17359,0
17360,0
17361,0
17362,1
17365,1
17366,0
17368,0
17371,1
17375,0
17379,0
17383,1
17385,0
17386,0
17387,0
17388,0
17391,0
17392,1
17398,1
17400,1
17405,0
17406,0
17409,0
17414,0
17415,0
17417,1
17418,0
17419,1
17421,0
17424,1
17426,0
17429,1
17431,1
17433,1
17435,1
17439,1
17442,0
17443,0
17445,1
17448,0
17450,0
17452,1
17462,1
17463,0
17465,1
17467,1
17470,1
17471,1
17473,0
17474,1
17476,0
17479,0
17481,1
17484,0
17485,0
17489,0
17493,0
17499,1
17501,0
17502,0
17504,0
17508,0
17512,0
17515,0
17524,1
17528,1
17529,1
17531,1
17533,0
17536,0
17540,0
17548,0
17550,1
17554,1
17558,0
17560,0
17563,1
17564,1
17565,1
17566,1
17568,0
17569,0
17570,0
17571,1
17572,0
17576,0
17577,0
17584,0
17585,0
17586,1
17587,1
17595,0
17598,1
17601,1
17602,1
17603,1
17606,0
17608,0
17612,0
17613,1
17615,1
17618,1
17619,0
17620,1
17621,1
17622,0
17624,0
17625,0
17628,1
17631,1
17632,1
17636,1
17640,1
17643,0
17645,0
17646,0
17649,0
17650,0
17651,0
17654,0
17657,0
17660,1
17663,0
17665,1
17668,0
17671,0
17672,0
17680,1
17681,0
17682,0
17683,0
17686,0
17688,1
17689,1
17690,0
17692,0
17694,1
17695,1
17696,1
17697,0
17698,0
17703,0
17704,0
17705,0
17710,0
17711,0
17712,1
17713,0
17715,0
17717,0
17722,0
17727,1
17728,1
17731,1
17734,0
17735,0
17738,1
17739,0
17741,0
17748,0
17749,1
17750,1
17755,0
17757,1
17759,0
17764,1
17765,0
17766,0
17767,1
17769,1
17773,0
17780,1
17781,0
17786,1
17788,1
17789,0
17791,1
17792,0
17794,0
17800,0
17803,0
17809,1
17812,0
17814,1
17815,0
17816,1
17818,0
17819,0
17824,0
17828,0
17829,0
17830,1
17832,0
17835,0
17837,0
17840,0
17842,0
17846,0
17848,0
17849,0
17851,1
17853,0
17858,1
17863,1
17864,0
17865,1
17868,0
17869,1
17873,0
17876,0
17877,0
17878,0
17890,0
17891,1
17893,1
17895,1
17896,0
17897,1
17900,0
17901,1
17902,0
17904,0
17905,0
17906,1
17907,0
17910,0
17912,1
17915,0
17917,1
17919,1
17920,0
17921,0
17926,1
17927,1
17932,0
17933,0
17934,1
17937,0
17941,1
17944,1
17946,1
17949,0
17951,1
17953,0
17956,0
17958,0
17960,1
17963,1
17965,0
17967,0
17973,0
17979,0
17986,1
17988,0
17989,1
17990,0
17991,1
17994,1
17998,0
18004,0
18008,0
18012,0
18015,1
18016,1
18017,1
18022,0
18023,1
18025,0
18026,0
18027,1
18029,0
18032,1
18033,0
18038,1
18042,1
18043,1
18044,1
18046,0
18047,1
18051,1
18053,0
18059,1
18064,1
18065,1
18070,0
18072,0
18073,0
18074,0
18076,1
18078,0
18079,1
18081,0
18084,0
18085,0
18087,1
18093,1
18098,1
18102,0
18105,0
18112,0
18118,1
18123,0
18127,1
18131,0
18143,1
18145,1
18147,0
18148,0
18149,0
18151,0
18152,0
18155,0
18157,0
18159,0
18160,1
18161,1
18162,0
18167,1
18170,1
18172,0
18175,0
18176,1
18178,1
18183,1
18185,0
18191,0
18192,0
18201,1
18205,0
18206,0
18208,0
18213,1
18214,1
18217,1
18219,0
18220,0
18225,1
18226,0
18229,0
18230,1
18231,1
18234,0
18236,0
18238,1
18239,1
18241,0
18242,0
18250,1
18252,1
18255,1
18256,0
18257,1
18259,0
18263,1
18266,0
18267,0
18270,0
18271,1
18278,0
18283,1
18285,0
18288,0
18291,0
18293,1
18299,0
18301,0
18308,0
18310,0
18311,0
18313,1
18316,1
18317,1
18319,0
18321,0
18323,0
18325,1
18328,0
18329,0
18332,0
18333,0
18337,1
18340,0
18345,0
18349,0
18350,0
18351,0
18353,0
18354,0
18356,0
18358,0
18364,0
18368,1
18370,0
18373,0
18380,0
18381,0
18383,0
18386,0
18387,1
18388,0
18389,1
18390,0
18391,0
18393,0
18397,0
18398,0
18400,0
18402,1
18404,0
18408,0
18412,0
18413,0
18414,1
18416,0
18420,1
18421,0
18429,0
18432,0
18436,1
18437,0
18439,1
18440,0
18441,0
18445,0
18449,0
18454,1
18455,1
18457,0
18460,1
18461,0
18466,0
18468,0
18473,1
18475,0
18476,0
18482,1
18483,1
18486,0
18491,0
18492,1
18493,1
18494,0
18496,1
18498,1
18502,0
18509,0
18510,1
18514,1
18519,1
18523,0
18525,0
18526,0
18536,0
18538,0
18539,1
18540,1
18545,1
18546,1
18550,1
18551,0
18552,0
18553,0
18557,0
18562,0
18564,1
18566,1
18567,0
18568,1
18572,0
18577,1
18580,0
18581,0
18582,1
18585,1
18588,0
18589,1
18592,1
18595,0
18599,0
18600,1
18602,0
18604,0
18605,0
18609,0
18610,0
18615,1
18619,0
18620,0
18621,1
18622,0
18625,0
18629,0
18630,1
18631,1
18632,0
18634,0
18638,1
18640,0
18642,1
18644,0
18647,1
18650,0
18656,1
18657,1
18659,1
18661,0
18662,0
18663,0
18666,0
18667,1
18668,1
18670,0
18671,0
18672,1
18674,0
18677,0
18681,1
18682,1
18683,1
18686,1
18689,1
18690,0
18692,0
18694,0
18700,0
18705,0
18707,1
18708,1
18709,0
18710,0
18711,0
18713,1
18715,0
18717,1
18718,1
18719,0
18723,0
18728,1
18729,0
18730,1
18731,0
18732,1
18735,0
18737,0
18740,1
18745,0
18748,1
18750,1
18751,0
18752,0
18753,0
18754,0
18757,1
18758,0
18759,0
18761,0
18763,1
18765,1
18768,1
18770,1
18772,0
18775,0
18778,1
18779,1
18780,0
18785,0
18788,0
18789,0
18802,0
18803,1
18806,1
18807,0
18813,0
18814,1
18821,0
18824,0
18825,0
18828,0
18830,1
18834,0
18835,0
18836,1
18837,1
18841,0
18844,0
18847,1
18849,1
18851,1
18859,1
18860,0
18862,0
18863,0
18864,0
18868,1
18869,1
18875,1
18878,0
18879,1
18881,1
18883,1
18884,0
18886,0
18887,1
18888,0
18892,1
18893,0
18894,0
18896,0
18899,0
18900,0
18901,1
18905,0
18910,0
18915,0
18919,0
18921,1
18932,0
18934,1
18938,1
18939,0
18947,0
18951,0
18953,0
18959,0
18963,0
18964,0
18967,0
18968,1
18969,0
18970,0
18973,0
18980,0
18984,0
18985,1
18988,1
18992,1
18995,0
18996,0
18998,0
18999,0
19004,1
19007,1
19010,1
19011,1
19013,1
19016,1
19019,1
19025,0
19026,0
19030,0
19038,1
19041,1
19045,0
19046,0
19047,1
19048,1
19049,1
19052,1
19056,0
19061,1
19064,1
19065,1
19066,0
19068,1
19069,0
19071,0
19072,1
19078,1
19080,0
19082,0
19083,1
19084,1
19088,0
19097,0
19100,0
19105,0
19111,0
19113,1
19119,1
19120,0
19123,1
19124,0
19125,0
19127,0
19132,0
19134,0
19135,0
19139,0
19140,1
19141,1
19145,1
19148,0
19149,1
19151,0
19152,0
19155,1
19157,0
19160,0
19163,0
19164,1
19165,1
19169,0
19173,1
19174,1
19177,1
19179,0
19180,0
19182,0
19184,1
19188,0
19189,0
19190,0
19197,0
19199,0
19200,0
19202,0
19205,1
19208,0
19209,0
19211,0
19212,1
19213,1
19216,1
19220,1
19222,1
19227,1
19228,0
19230,0
19232,1
19234,0
19235,0
19236,1
19238,0
19239,1
19240,0
19241,1
19242,0
19244,0
19246,1
19249,1
19253,1
19258,1
19263,0
19265,0
19268,0
19270,1
19271,1
19274,1
19275,0
19276,1
19277,1
19279,0
19280,0
19282,1
19285,0
19286,0
19287,0
19291,0
19293,0
19294,0
19301,1
19303,1
19304,0
19306,1
19314,1
19315,1
19316,1
19317,0
19321,0
19323,0
19328,0
19329,0
19335,1
19338,0
19340,1
19341,0
19342,1
19344,0
19346,0
19347,1
19349,1
19350,1
19351,0
19353,0
19354,1
19356,0
19357,1
19359,1
19361,1
19362,1
19363,1
19369,0
19371,0
19373,0
19376,0
19377,0
19379,1
19380,1
19381,0
19382,1
19383,1
19384,0
19386,0
19388,0
19390,0
19391,1
19394,1
19396,0
19400,0
19403,1
19404,0
19406,0
19408,1
19409,0
19411,0
19413,0
19415,0
19417,1
19419,1
19420,0
19421,1
19423,1
19424,1
19427,1
19430,1
19432,0
19434,0
19435,1
19436,0
19439,1
19441,0
19447,0
19450,1
19451,0
19452,0
19455,0
19464,1
19465,1
19470,0
19472,0
19475,0
19476,0
19480,1
19483,0
19488,1
19490,1
19492,0
19493,0
19495,0
19496,1
19497,1
19504,1
19506,0
19507,0
19510,0
19514,0
19516,0
19520,0
19521,1
19522,0
19523,0
19526,1
19527,1
19528,1
19529,1
19530,0
19531,0
19536,1
19537,0
19538,0
19540,1
19542,0
19545,0
19550,1
19551,0
19553,1
19556,0
19559,1
19564,0
19565,1
19566,1
19568,0
19570,0
19573,1
19575,0
19576,1
19577,1
19578,1
19579,1
19580,0
19581,0
19583,1
19584,0
19586,0
19588,0
19590,0
19594,0
19597,0
19598,0
19600,1
19602,1
19604,0
19605,1
19606,1
19607,0
19613,1
19614,1
19616,1
19618,0
19619,0
19620,0
19623,1
19626,0
19627,1
19631,0
19632,0
19635,0
19636,1
19638,0
19640,0
19643,1
19647,1
19649,1
19650,0
19651,0
19652,0
19653,0
19654,0
19667,1
19668,0
19669,0
19670,1
19675,0
19677,0
19681,1
19682,1
19685,1
19686,1
19689,0
19691,0
19692,0
19695,0
19700,0
19703,1
19704,1
19706,0
19709,1
19711,0
19713,0
19719,1
19722,1
19725,0
19729,1
19730,1
19735,1
19736,0
19739,0
19746,1
19749,0
19751,1
19752,0
19753,1
19757,0
19758,0
19759,1
19760,1
19764,0
19766,0
19770,1
19771,0
19777,0
19780,0
19781,0
19782,0
19785,0
19786,0
19789,0
19790,0
19791,0
19792,0
19793,1
19794,0
19795,1
19800,1
19801,1
19805,1
19808,0
19810,0
19813,0
19817,1
19818,1
19821,0
19825,0
19829,1
19831,0
19834,0
19835,1
19842,0
19843,0
19845,1
19849,0
19850,0
19854,1
19856,0
19857,1
19858,1
19862,0
19863,0
19865,0
19866,0
19868,1
19869,0
19872,1
19878,1
19879,0
19885,1
19888,0
19889,1
19891,0
19892,0
19893,0
19896,0
19898,0
19899,0
19900,1
19903,0
19906,0
19907,1
19908,1
19913,0
19914,1
19916,1
19923,0
19926,0
19931,1
19936,1
19938,1
19949,0
19951,0
19952,1
19955,1
19967,0
19969,0
19971,0
19973,0
19975,1
19977,1
19978,1
19981,0
19982,0
19983,0
19984,0
19986,0
19988,0
19993,1
19995,1
20000,0
20005,0
20006,1
20007,0
20011,1
20018,1
20021,0
20022,0
20023,0
20025,1
20029,1
20033,1
20035,0
20036,1
20038,1
20044,0
20045,0
20046,0
20055,0
20056,0
20057,0
20059,1
20060,1
20061,0
20063,0
20065,0
20067,0
20069,1
20073,0
20075,1
20079,0
20080,0
20082,1
20083,0
20084,0
20085,0
20089,1
20093,0
20094,1
20095,0
20096,1
20097,0
20102,0
20104,0
20109,0
20113,1
20115,0
20116,0
20117,1
20119,0
20120,0
20125,0
20127,1
20128,0
20136,1
20141,1
20146,0
20147,1
20148,1
20149,1
20150,1
20151,0
20152,0
20153,0
20154,0
20156,0
20163,0
20168,0
20169,0
20170,0
20171,0
20179,0
20185,1
20187,1
20188,0
20189,0
20190,0
20192,1
20193,1
20195,1
20199,0
20206,0
20212,0
20214,0
20216,1
20217,0
20219,0
20221,0
20222,0
20226,0
20227,0
20230,1
20232,1
20234,1
20235,0
20236,0
20238,0
20239,1
20244,0
20247,0
20252,0
20257,1
20259,0
20260,1
20262,0
20265,0
20271,0
20276,0
20277,0
20278,1
20282,1
20285,0
20288,1
20290,1
20292,0
20293,0
20297,0
20301,1
20304,0
20305,0
20307,0
20308,1
20312,1
20313,0
20315,1
20318,1
20321,1
20329,1
20331,0
20336,0
20338,1
20339,1
20340,1
20342,1
20346,0
20349,0
20350,1
20352,0
20355,0
20357,0
20358,1
20359,1
20360,0
20362,1
20365,0
20366,0
20370,1
20374,0
20375,1
20376,1
20377,0
20381,0
20386,1
20392,0
20393,0
20395,0
20398,0
20399,0
20402,0
20404,1
20408,1
20410,1
20412,0
20416,1
20417,1
20418,0
20421,0
20422,0
20424,0
20428,0
20429,0
20437,0
20440,1
20443,0
20448,1
20455,1
20457,0
20458,0
20460,0
20465,0
20468,0
20470,1
20474,0
20475,0
20477,1
20479,1
20481,0
20485,1
20486,1
20487,1
20488,0
20490,0
20491,1
20494,0
20495,1
20500,0
20503,1
20519,1
20521,0
20524,0
20527,1
20534,0
20535,1
20537,0
20538,0
20543,0
20544,1
20547,0
20548,0
20549,0
20551,1
20555,0
20556,0
20558,1
20559,0
20565,1
20568,1
20572,0
20573,1
20576,1
20577,1
20578,1
20579,0
20585,0
20586,0
20587,0
20588,1
20589,0
20590,1
20593,0
20595,0
20597,0
20599,1
20601,1
20604,0
20605,1
20606,1
20610,0
20614,0
20615,0
20616,1
20617,0
20621,0
20624,1
20628,1
20631,0
20632,0
20635,0
20638,1
20639,0
20643,0
20644,0
20646,0
20649,1
20651,1
20652,0
20654,1
20655,0
20656,0
20659,1
20660,1
20665,1
20668,1
20672,0
20676,1
20682,0
20683,0
20684,1
20691,0
20694,0
20696,1
20697,1
20700,0
20702,0
20703,1
20704,0
20705,0
20708,0
20713,0
20715,1
20722,1
20725,1
20728,1
20732,1
20734,0
20735,0
20736,1
20737,1
20739,0
20741,0
20742,1
20745,1
20746,1
20747,0
20748,0
20749,0
20754,0
20755,0
20764,1
20767,0
20768,1
20772,1
20775,0
20777,1
20780,0
20787,0
20789,0
20791,1
20794,1
20795,1
20797,1
20804,0
20806,0
20807,1
20808,0
20809,1
20810,0
20812,1
20814,0
20815,0
20816,0
20817,1
20819,0
20822,1
20824,1
20825,1
20827,0
20828,1
20835,1
20836,0
20838,0
20839,0
20841,1
20844,1
20847,0
20848,1
20851,1
20852,0
20854,0
20858,0
20859,1
20860,0
20861,0
20862,0
20864,1
20866,1
20867,0
20869,0
20872,0
20873,1
20874,1
20882,0
20885,0
20888,1
20892,0
20894,1
20899,0
20901,0
20903,0
20904,1
20905,0
20909,1
20910,1
20911,0
20912,0
20913,1
20916,0
20920,1
20926,1
20928,0
20930,0
20932,1
20933,1
20935,1
20936,1
20945,1
20946,1
20947,1
20948,0
20949,1
20950,1
20951,0
20954,0
20956,0
20957,0
20958,0
20959,1
20963,1
20967,0
20971,0
20973,0
20976,1
20982,0
20984,0
20989,0
20991,0
20992,0
20994,1
20997,0
20998,0
20999,1
21003,1
21004,1
21009,0
21012,1
21015,0
21016,0
21020,1
21021,0
21022,0
21023,1
21025,0
21027,0
21031,0
21037,1
21038,1
21040,0
21044,0
21046,1
21049,1
21051,1
21054,0
21056,1
21061,1
21065,0
21067,1
21070,0
21071,1
21082,1
21086,1
21087,1
21089,0
21092,0
21093,0
21095,1
21101,0
21102,0
21104,0
21106,0
21108,0
21110,1
21111,0
21112,1
21114,0
21115,0
21117,1
21118,1
21119,1
21120,1
21121,0
21122,1
21123,0
21125,1
21134,0
21135,1
21136,0
21140,0
21141,1
21142,1
21146,0
21148,0
21149,1
21151,0
21153,0
21158,1
21159,0
21160,0
21167,1
21169,0
21172,1
21176,0
21181,1
21182,1
21184,0
21185,0
21186,0
21187,0
21188,0
21194,0
21195,1
21197,0
21202,0
21203,1
21205,1
21207,0
21208,0
21212,0
21214,0
21217,1
21218,0
21219,1
21223,1
21231,1
21234,0
21236,0
21238,0
21239,1
21241,0
21242,0
21247,0
21250,0
21251,0
21253,0
21255,1
21256,1
21257,1
21258,1
21260,1
21263,1
21264,1
21265,1
21267,1
21268,0
21271,0
21274,0
21278,0
21281,0
21284,1
21285,1
21289,0
21292,0
21293,0
21295,0
21296,0
21300,0
21302,1
21312,1
21315,1
21316,0
21317,0
21318,0
21329,0
21330,0
21332,1
21334,0
21338,1
21339,1
21340,1
21342,0
21344,1
21352,0
21354,1
21355,1
21356,0
21359,0
21362,1
21364,0
21368,0
21369,0
21371,1
21372,1
21373,0
21374,1
21377,0
21378,0
21382,1
21387,0
21388,0
21395,1
21397,0
21399,0
21402,1
21403,0
21405,0
21406,0
21407,0
21411,1
21412,1
21413,0
21414,0
21415,0
21416,0
21418,0
21419,0
21421,0
21422,0
21426,0
21427,0
21429,0
21432,0
21435,1
21436,0
21439,0
21440,0
21445,0
21447,1
21452,0
21454,0
21456,0
21457,0
21459,0
21461,1
21465,0
21467,0
21468,0
21471,1
21473,0
21477,0
21480,1
21481,1
21488,1
21490,0
21491,0
21492,0
21493,0
21496,0
21501,0
21502,0
21504,0
21505,0
21506,1
21509,1
21511,1
21512,0
21513,0
21514,0
21516,1
21521,0
21525,1
21526,0
21527,0
21530,0
21536,0
21538,1
21541,1
21544,1
21545,0
21547,0
21549,0
21550,0
21552,1
21554,0
21556,1
21561,1
21567,1
21568,0
21569,1
21570,1
21573,1
21577,0
21580,0
21594,0
21600,0
21604,1
21606,0
21609,1
21610,0
21611,1
21613,1
21614,0
21617,0
21619,0
21620,0
21622,0
21626,0
21627,0
21628,1
21629,1
21630,1
21637,0
21638,0
21640,0
21642,0
21644,0
21653,1
21654,1
21655,0
21661,1
21667,1
21668,1
21671,0
21672,0
21677,0
21678,0
21679,0
21682,0
21683,0
21686,0
21687,0
21699,0
21701,0
21702,1
21704,1
21707,0
21709,1
21710,1
21715,1
21718,0
21722,1
21723,1
21725,0
21726,1
21727,1
21728,0
21730,0
21731,0
21733,1
21740,0
21741,0
21742,0
21745,0
21746,1
21747,1
21749,1
21758,0
21760,1
21762,1
21766,0
21771,0
21772,0
21777,1
21779,0
21780,1
21781,1
21785,0
21790,0
21791,0
21792,0
21794,1
21796,0
21797,0
21799,0
21801,0
21802,0
21805,0
21806,1
21807,1
21808,0
21810,1
21812,1
21813,0
21814,0
21815,1
21816,0
21818,0
21819,0
21820,0
21821,0
21824,0
21825,0
21829,0
21831,1
21832,0
21836,0
21837,0
21838,0
21843,1
21845,1
21850,0
21852,0
21856,0
21859,1
21863,1
21866,1
21868,1
21870,1
21872,1
21874,1
21875,1
21877,1
21878,1
21879,0
21880,0
21881,1
21888,0
21894,0
21899,1
21900,0
21903,1
21907,1
21908,0
21909,0
21914,0
21917,1
21922,0
21924,0
21925,0
21926,1
21928,0
21931,0
21932,0
21934,1
21935,0
21936,0
21937,0
21939,1
21943,1
21944,1
21957,0
21961,1
21963,0
21966,0
21968,1
21971,1
21975,0
21978,0
21983,0
21984,0
21985,0
21986,0
21988,0
21990,0
21991,0
21993,0
21994,0
21995,1
21996,0
21998,0
22000,0
22002,1
22004,0
22005,0
22006,0
22007,1
22008,1
22013,0
22015,0
22016,1
22019,0
22020,0
22022,0
22023,0
22024,1
22025,0
22028,0
22029,1
22030,0
22033,0
22034,0
22035,0
22038,0
22040,0
22044,1
22047,1
22051,0
22052,0
22053,0
22055,1
22056,1
22058,0
22059,1
22060,0
22061,0
22063,0
22065,0
22072,0
22074,1
22076,1
22078,0
22079,1
22084,0
22086,0
22088,0
22090,1
22095,0
22102,0
22103,1
22104,0
22111,0
22112,0
22113,0
22114,1
22115,0
22121,1
22122,1
22123,1
22124,1
22125,0
22126,1
22134,1
22143,1
22151,0
22153,1
22155,1
22156,0
22159,1
22160,0
22161,0
22164,1
22165,0
22166,0
22175,1
22176,0
22180,0
22181,0
22188,1
22189,0
22190,1
22192,1
22195,1
22199,0
22200,0
22206,1
22209,1
22212,1
22214,1
22215,0
22216,0
22217,0
22218,1
22219,0
22220,0
22221,0
22222,1
22224,0
22228,0
22229,0
22234,0
22237,0
22238,1
22246,1
22247,0
22249,1
22251,0
22261,0
22262,0
22263,1
22269,1
22273,1
22274,1
22275,0
22281,1
22282,1
22283,0
22284,0
22285,0
22288,0
22289,0
22292,1
22293,1
22295,0
22297,0
22299,0
22303,1
22306,1
22309,0
22315,1
22319,1
22323,0
22326,1
22328,0
22329,0
22332,1
22336,1
22337,1
22339,0
22341,0
22352,1
22355,0
22358,0
22363,1
22364,0
22365,1
22366,0
22370,1
22373,0
22375,0
22379,1
22380,1
22383,0
22385,1
22387,0
22388,1
22390,0
22393,0
22395,1
22399,0
22402,0
22405,1
22407,1
22415,0
22417,0
22423,0
22424,0
22425,0
22426,0
22427,1
22430,0
22431,1
22439,0
22443,0
22444,0
22446,1
22447,0
22448,0
22450,0
22451,0
22454,0
22456,0
22459,0
22460,0
22461,1
22462,0
22466,1
22470,1
22472,0
22476,0
22477,1
22480,0
22481,0
22483,1
22491,0
22497,0
22498,0
22500,0
22501,1
22503,1
22504,1
22506,1
22508,1
22512,0
22516,1
22518,1
22520,0
22522,1
22524,1
22527,0
22529,1
22532,1
22535,1
22537,1
22542,1
22543,0
22548,1
22550,0
22558,0
22560,0
22563,0
22565,0
22567,0
22568,0
22570,0
22571,1
22572,0
22573,0
22575,1
22576,0
22577,0
22581,0
22584,0
22585,0
22587,1
22588,0
22590,0
22591,0
22595,0
22597,1
22598,0
22599,0
22601,0
22603,0
22606,0
22608,1
22613,0
22619,0
22623,0
22625,1
22626,1
22627,1
22628,1
22636,1
22637,1
22640,0
22643,1
22646,0
22647,1
22649,0
22651,1
22652,0
22656,1
22658,0
22664,1
22667,0
22669,1
22671,1
22673,0
22677,1
22679,0
22684,0
22687,1
22690,0
22692,1
22696,0
22699,1
22700,0
22704,0
22706,0
22707,1
22709,0
22710,0
22714,0
22716,1
22718,1
22719,0
22723,0
22726,1
22727,1
22730,1
22733,1
22736,0
22737,0
22738,0
22742,1
22743,1
22744,0
22745,1
22747,0
22751,1
22753,1
22754,1
22755,0
22760,0
22762,0
22767,0
22770,0
22772,0
22775,0
22778,0
22780,0
22781,1
22782,0
22783,0
22785,1
22786,1
22788,0
22790,0
22794,0
22806,0
22808,0
22812,0
22817,1
22818,1
22821,0
22822,1
22826,1
22829,0
22831,1
22832,0
22833,0
22834,1
22838,1
22840,0
22841,1
22843,0
22845,0
22850,0
22856,0
22863,0
22865,0
22867,1
22868,1
22871,0
22876,0
22880,1
22881,0
22885,1
22886,1
22890,0
22892,1
22898,0
22902,1
22905,0
22911,0
22913,0
22923,0
22928,0
22929,0
22930,0
22933,1
22942,1
22943,0
22945,0
22947,0
22952,1
22953,0
22954,1
22958,1
22963,0
22965,0
22966,0
22970,1
22971,0
22976,0
22977,1
22995,1
23002,0
23003,0
23008,1
23010,0
23012,0
23014,0
23015,0
23016,1
23017,0
23020,0
23023,1
23025,0
23026,1
23035,1
23042,0
23047,0
23050,1
23051,0
23052,1
23053,0
23057,1
23064,1
23066,1
23067,0
23068,0
23069,1
23071,0
23072,0
23073,0
23077,0
23078,0
23082,0
23083,0
23087,1
23090,1
23093,0
23096,1
23097,1
23099,0
23100,1
23101,1
23102,0
23105,1
23108,1
23109,1
23111,0
23113,0
23120,1
23121,0
23122,1
23127,0
23131,0
23132,0
23133,1
23134,0
23135,0
23136,0
23137,0
23138,1
23142,0
23145,1
23149,0
23150,1
23165,1
23166,1
23167,1
23172,1
23173,0
23174,0
23175,1
23176,0
23180,0
23182,0
23183,0
23184,1
23185,0
23187,0
23191,1
23194,0
23196,1
23197,0
23201,1
23206,1
23208,1
23216,0
23217,1
23219,0
23223,1
23224,1
23226,0
23232,0
23233,1
23234,0
23240,1
23242,0
23243,0
23244,1
23246,0
23247,1
23249,0
23253,0
23255,0
23256,0
23258,1
23261,1
23265,1
23269,1
23271,0
23273,0
23274,1
23276,1
23279,1
23283,0
23284,0
23285,0
23286,0
23288,0
23289,0
23291,1
23292,0
23294,1
23297,0
23299,0
23303,1
23304,1
23306,0
23308,1
23310,0
23312,0
23320,1
23322,1
23327,1
23331,1
23332,0
23333,0
23334,0
23338,0
23340,1
23341,0
23342,0
23344,1
23345,0
23346,1
23347,0
23348,0
23349,0
23350,0
23354,0
23355,1
23358,1
23360,0
23362,1
23363,0
23366,1
23367,0
23370,0
23378,1
23382,0
23383,1
23384,0
23389,1
23391,0
23398,0
23399,0
23401,1
23405,0
23408,1
23412,0
23419,1
23425,0
23426,1
23427,0
23429,1
23431,0
23433,0
23437,0
23442,1
23443,0
23445,0
23446,0
23447,1
23449,0
23455,0
23456,1
23457,0
23458,0
23459,0
23460,0
23463,1
23464,0
23465,1
23467,1
23468,0
23469,0
23473,1
23474,1
23475,0
23479,1
23481,1
23484,0
23487,1
23488,0
23490,0
23492,0
23493,0
23495,0
23502,0
23503,1
23512,0
23515,0
23517,1
23518,0
23519,1
23521,1
23522,0
23523,0
23526,0
23527,1
23528,0
23529,1
23530,1
23533,1
23536,0
23540,1
23543,1
23544,0
23545,0
23546,1
23550,0
23552,1
23558,1
23559,1
23560,1
23562,0
23564,1
23565,0
23566,1
23567,1
23570,0
23571,0
23572,0
23573,0
23579,1
23580,0
23582,0
23583,1
23584,0
23585,0
23586,1
23587,0
23588,0
23589,1
23592,1
23595,1
23603,0
23604,1
23605,0
23608,1
23610,1
23616,1
23617,1
23623,1
23627,0
23628,1
23631,1
23632,0
23637,1
23641,0
23644,0
23645,0
23648,0
23650,0
23652,0
23654,1
23658,0
23659,1
23660,0
23661,0
23663,1
23665,1
23666,0
23667,0
23670,0
23671,1
23675,0
23677,0
23678,1
23680,1
23682,0
23685,0
23686,1
23688,0
23689,0
23691,0
23693,1
23695,1
23703,1
23709,1
23711,0
23714,1
23715,1
23716,1
23717,1
23724,1
23726,1
23727,1
23732,0
23736,0
23739,0
23740,1
23742,0
23744,0
23749,0
23753,1
23754,0
23755,1
23756,0
23763,1
23764,0
23765,0
23767,1
23768,1
23770,1
23771,1
23772,1
23773,1
23777,1
23778,0
23782,0
23785,1
23786,0
23789,0
23790,0
23796,1
23797,1
23802,1
23803,1
23806,0
23808,1
23810,1
23811,1
23812,0
23813,0
23816,0
23818,0
23821,1
23823,1
23825,0
23827,0
23828,0
23829,1
23831,1
23832,1
23840,1
23844,0
23849,0
23851,1
23854,0
23855,1
23856,0
23857,0
23858,1
23859,1
23863,0
23865,0
23870,1
23872,1
23873,0
23875,0
23876,1
23877,0
23878,0
23880,0
23881,0
23882,0
23884,0
23885,1
23892,1
23897,0
23898,1
23906,1
23914,0
23915,0
23916,0
23917,0
23921,1
23922,1
23925,0
23929,1
23933,1
23935,0
23938,1
23941,0
23944,1
23945,0
23949,1
23952,1
23953,0
23956,0
23957,1
23963,0
23964,0
23965,1
23967,1
23969,0
23971,0
23973,1
23974,1
23975,1
23979,1
23981,1
23987,1
23991,1
23992,1
23994,0
23996,1
23997,0
23998,1
23999,1
24000,1
24002,0
24003,1
24006,0
24008,0
24012,1
24017,1
24020,0
24023,0
24027,1
24029,1
24030,0
24034,0
24037,0
24038,1
24045,0
24049,0
24050,1
24051,1
24054,1
24056,1
24064,1
24066,0
24068,0
24072,1
24075,0
24077,0
24079,1
24080,1
24082,0
24083,0
24086,1
24088,0
24094,0
24102,1
24105,0
24108,1
24109,1
24112,1
24113,1
24114,1
24118,0
24121,1
24124,1
24131,1
24138,0
24142,0
24144,1
24146,0
24147,0
24151,0
24153,1
24154,1
24156,0
24157,1
24168,0
24169,0
24175,1
24177,1
24181,0
24182,0
24183,0
24185,0
24191,0
24192,1
24193,1
24194,0
24195,0
24197,1
24198,1
24199,1
24203,0
24206,0
24208,0
24211,1
24213,0
24215,1
24217,0
24220,1
24222,0
24225,1
24226,1
24227,0
24232,0
24234,1
24236,0
24238,1
24239,0
24247,1
24249,1
24251,0
24254,0
24258,1
24260,0
24265,0
24266,0
24269,1
24273,1
24275,0
24276,0
24278,0
24279,1
24280,0
24281,0
24282,1
24283,1
24284,1
24285,1
24286,0
24287,0
24289,0
24291,0
24296,0
24297,0
24302,1
24303,0
24304,1
24310,1
24313,1
24316,1
24318,0
24319,0
24321,0
24323,0
24324,0
24325,1
24326,0
24329,1
24330,1
24332,0
24335,0
24340,0
24346,0
24347,1
24348,1
24351,1
24354,0
24355,1
24356,1
24360,0
24362,0
24363,1
24366,0
24368,0
24370,1
24371,0
24372,1
24376,0
24378,1
24379,0
24383,1
24387,0
24388,0
24389,0
24396,1
24399,0
24412,0
24414,1
24417,0
24419,0
24422,0
24423,0
24424,0
24425,1
24426,1
24428,1
24433,1
24434,1
24436,1
24437,0
24443,0
24445,0
24446,0
24450,1
24455,1
24458,0
24461,1
24462,1
24469,0
24473,1
24475,0
24476,1
24480,1
24481,0
24484,0
24485,0
24489,1
24490,0
24491,0
24494,1
24495,1
24496,0
24500,1
24501,0
24505,1
24506,1
24508,1
24511,0
24512,0
24516,1
24518,1
24519,0
24523,0
24525,0
24526,1
24537,0
24544,1
24545,1
24546,0
24549,1
24552,0
24555,1
24556,0
24559,0
24560,0
24562,0
24563,1
24564,0
24566,1
24567,0
24569,0
24571,0
24574,1
24576,1
24577,0
24578,1
24579,0
24580,1
24581,0
24583,0
24585,0
24586,1
24587,0
24588,1
24589,0
24604,1
24606,1
24608,0
24609,0
24612,1
24613,0
24619,0
24624,1
24630,0
24633,0
24634,0
24639,0
24640,1
24641,1
24642,1
24651,1
24653,0
24657,0
24661,1
24663,1
24669,0
24671,0
24672,1
24679,1
24680,1
24682,1
24686,0
24687,0
24689,1
24691,1
24694,1
24698,1
24700,0
24701,0
24703,0
24705,1
24707,0
24708,0
24709,1
24710,0
24714,0
24715,1
24717,1
24718,1
24719,0
24722,0
24723,0
24724,1
24728,1
24731,0
24732,1
24738,0
24741,0
24743,0
24744,0
24746,1
24750,0
24752,0
24757,1
24758,0
24762,0
24763,1
24766,0
24769,1
24770,0
24771,1
24772,0
24775,1
24778,0
24783,0
24784,0
24785,0
24786,0
24788,0
24791,1
24793,1
24795,1
24797,0
24798,0
24799,0
24800,0
24804,0
24805,1
24806,0
24807,1
24809,0
24810,0
24811,0
24816,0
24817,1
24818,1
24819,1
24820,0
24823,0
24826,1
24833,0
24834,0
24835,1
24836,1
24837,0
24838,0
24839,0
24842,1
24843,1
24847,1
24854,1
24855,0
24857,1
24862,1
24863,0
24869,0
24871,0
24875,0
24881,0
24883,1
24890,0
24891,0
24894,0
24896,1
24898,1
24901,0
24902,0
24903,1
24905,1
24906,1
24908,0
24914,0
24915,0
24916,0
24919,1
24923,0
24925,1
24928,0
24932,0
24933,0
24939,1
24940,1
24942,0
24943,1
24944,0
24945,0
24947,0
24948,0
24949,0
24951,0
24954,1
24957,0
24958,0
24960,0
24963,1
24964,1
24965,1
24966,1
24968,0
24970,1
24971,1
24974,0
24976,1
24977,1
24979,0
24982,0
24984,0
24986,0
24988,0
24992,1
24993,0
25002,0
25007,0
25008,0
25009,0
25010,1
25011,1
25013,0
25014,0
25015,1
25016,0
25017,0
25018,1
25019,1
25022,1
25026,0
25027,0
25028,0
25030,0
25031,0
25034,0
25035,0
25038,0
25040,1
25041,1
25045,1
25046,0
25048,1
25052,1
25055,1
25058,0
25061,1
25062,0
25064,0
25069,1
25070,0
25071,1
25079,1
25080,1
25081,0
25083,0
25085,0
25086,0
25087,1
25088,1
25092,0
25097,0
25101,1
25103,0
25105,1
25106,0
25108,1
25109,1
25112,0
25113,0
25114,0
25115,0
25116,0
25119,1
25126,1
25127,0
25129,0
25131,0
25134,0
25137,1
25140,1
25141,0
25143,1
25145,0
25146,1
25148,1
25150,1
25152,1
25154,0
25155,1
25156,1
25159,0
25160,1
25161,1
25162,0
25163,1
25165,0
25167,0
25168,0
25172,1
25174,0
25175,0
25178,1
25180,1
25182,1
25184,1
25188,1
25193,0
25201,0
25203,0
25204,1
25208,1
25214,1
25216,0
25217,1
25226,0
25227,1
25229,0
25233,0
25235,0
25243,0
25247,0
25248,1
25252,0
25259,1
25262,0
25263,0
25267,0
25270,1
25271,1
25272,0
25274,1
25279,0
25281,0
25283,0
25287,1
25289,0
25291,1
25296,1
25298,1
25301,1
25303,1
25307,1
25310,0
25311,1
25313,0
25317,0
25318,0
25319,1
25324,1
25325,1
25326,0
25327,0
25330,0
25331,0
25333,0
25334,0
25335,1
25337,0
25339,0
25341,0
25349,0
25352,0
25353,0
25354,0
25358,1
25359,0
25360,0
25363,1
25367,0
25368,1
25371,1
25374,1
25380,1
25383,0
25384,0
25385,1
25387,1
25393,0
25394,0
25395,1
25397,0
25399,0
25401,0
25403,1
25404,0
25405,0
25406,0
25407,1
25408,0
25412,1
25414,0
25422,1
25426,1
25431,0
25432,1
25436,0
25437,1
25440,1
25442,0
25443,1
25444,0
25447,0
25454,1
25456,1
25457,1
25459,0
25460,1
25462,0
25464,0
25468,0
25470,0
25474,0
25479,0
25481,0
25483,0
25486,1
25488,0
25491,0
25492,1
25495,0
25498,0
25499,0
25501,0
25504,0
25505,0
25506,0
25508,0
25509,1
25514,0
25515,0
25517,1
25519,0
25520,0
25521,0
25522,0
25523,0
25524,0
25525,1
25526,0
25527,1
25530,1
25537,0
25545,0
25551,0
25554,0
25560,1
25562,1
25569,1
25571,0
25573,0
25574,0
25575,1
25577,1
25578,1
25579,0
25580,1
25582,0
25586,0
25587,0
25590,1
25591,1
25596,0
25599,0
25601,0
25604,1
25607,1
25609,0
25614,0
25616,1
25618,0
25623,1
25624,0
25627,0
25628,1
25630,0
25631,0
25633,1
25635,0
25636,0
25637,0
25639,0
25642,0
25648,0
25653,0
25654,1
25657,0
25659,0
25662,1
25663,1
25664,0
25668,0
25669,0
25671,1
25676,1
25679,0
25682,1
25684,0
25687,1
25695,0
25697,1
25698,0
25701,1
25702,0
25703,0
25704,1
25707,1
25710,1
25711,0
25717,0
25718,1
25721,0
25722,0
25725,1
25726,1
25728,0
25729,1
25731,0
25733,0
25735,1
25737,0
25738,0
25744,0
25746,1
25754,1
25757,1
25760,1
25765,1
25768,0
25771,0
25772,1
25776,1
25779,0
25785,1
25789,0
25790,0
25796,0
25797,0
25800,1
25801,1
25802,1
25805,1
25806,0
25807,0
25808,0
25809,0
25811,0
25813,1
25815,1
25818,1
25821,0
25823,0
25824,0
25825,0
25828,0
25829,1
25830,0
25831,1
25833,1
25835,0
25837,0
25841,1
25852,0
25854,0
25856,1
25858,0
25860,0
25864,1
25866,0
25870,1
25871,1
25875,1
25876,0
25879,0
25882,1
25883,1
25885,0
25889,0
25891,0
25892,1
25894,0
25897,0
25901,1
25902,0
25904,0
25906,0
25908,1
25911,1
25912,0
25913,0
25914,0
25921,0
25925,0
25926,1
25929,1
25931,1
25935,1
25936,0
25942,1
25943,0
25946,0
25950,0
25954,0
25960,1
25961,0
25965,1
25966,0
25968,0
25976,0
25979,0
25980,0
25982,0
25984,1
25989,0
25991,1
25994,0
25995,1
25996,1
25999,0
26001,0
26002,0
26005,1
26006,1
26009,0
26010,1
26012,1
26014,0
26016,1
26019,0
26021,0
26023,1
26025,0
26030,1
26032,1
26037,0
26038,0
26039,0
26041,1
26043,0
26044,0
26045,0
26047,0
26048,0
26051,0
26052,0
26053,0
26054,1
26060,0
26061,0
26063,0
26066,0
26067,1
26069,0
26071,0
26074,0
26075,0
26077,0
26080,0
26081,0
26084,0
26085,0
26087,1
26088,1
26089,1
26094,1
26095,1
26096,1
26098,0
26099,0
26100,1
26102,0
26105,1
26106,1
26109,1
26112,1
26117,0
26126,1
26129,1
26130,0
26132,1
26138,1
26139,1
26144,0
26146,0
26148,1
26150,0
26151,0
26153,1
26154,0
26155,0
26159,1
26162,1
26163,0
26165,0
26166,1
26167,1
26168,0
26171,0
26175,0
26178,1
26180,1
26188,1
26189,0
26190,0
26191,0
26193,0
26194,1
26196,0
26197,1
26198,1
26200,0
26202,0
26204,0
26206,1
26208,0
26214,0
26215,0
26216,1
26218,1
26220,0
26221,1
26225,1
26226,0
26227,1
26228,0
26231,0
26238,0
26242,0
26244,1
26247,1
26249,0
26252,1
26253,0
26254,0
26255,1
26256,0
26258,1
26259,0
26265,1
26270,0
26275,1
26278,0
26279,0
26282,1
26283,0
26286,1
26290,1
26291,1
26292,1
26293,1
26294,1
26298,1
26302,0
26303,1
26308,1
26309,1
26316,1
26318,0
26322,0
26323,1
26325,1
26327,1
26330,0
26332,1
26336,1
26337,0
26339,1
26345,1
26346,0
26348,0
26350,1
26353,0
26356,1
26357,1
26358,0
26360,1
26362,0
26363,0
26367,0
26368,0
26377,0
26380,1
26381,0
26383,1
26387,1
26389,0
26390,1
26391,0
26394,0
26397,0
26398,0
26404,0
26407,0
26408,1
26410,1
26412,0
26415,0
26422,1
26423,1
26424,0
26429,0
26430,1
26432,1
26434,1
26438,0
26440,0
26443,1
26445,0
26448,0
26453,0
26454,0
26458,1
26459,0
26463,0
26465,1
26473,0
26474,1
26477,1
26479,1
26481,0
26482,1
26483,0
26484,0
26485,1
26486,1
26494,0
26496,0
26497,0
26500,0
26503,1
26506,0
26508,0
26518,0
26519,1
26521,0
26523,1
26525,0
26527,0
26528,0
26529,1
26532,1
26537,0
26538,1
26539,0
26544,0
26546,0
26550,1
26551,0
26556,1
26557,0
26558,0
26560,1
26564,1
26567,0
26570,0
26571,0
26573,0
26578,0
26579,1
26580,1
26581,0
26582,0
26583,1
26585,1
26586,0
26588,0
26590,1
26597,1
26599,0
26601,1
26608,0
26610,1
26612,0
26613,0
26618,1
26619,1
26624,1
26627,0
26631,0
26632,0
26634,0
26636,0
26637,0
26638,1
26639,1
26642,1
26644,1
26646,0
26647,1
26648,1
26649,0
26651,1
26652,1
26653,0
26656,1
26658,0
26661,1
26662,1
26666,0
26668,0
26669,0
26670,0
26671,0
26673,1
26674,0
26676,1
26678,0
26688,0
26690,1
26691,0
26692,0
26693,1
26697,0
26700,0
26705,1
26706,1
26708,1
26709,1
26710,0
26712,0
26713,1
26720,0
26722,0
26723,1
26724,0
26726,1
26727,0
26728,1
26730,1
26731,0
26732,1
26734,1
26735,1
26736,1
26738,0
26740,0
26742,0
26744,0
26749,0
26752,0
26753,1
26755,0
26756,1
26758,0
26760,1
26762,1
26763,1
26766,1
26767,1
26770,0
26771,1
26772,1
26779,1
26784,0
26789,1
26790,1
26794,1
26800,1
26811,0
26812,0
26813,0
26815,1
26816,1
26819,1
26821,1
26823,0
26824,0
26825,0
26826,0
26828,0
26831,0
26835,0
26837,0
26838,1
26844,0
26846,1
26849,0
26855,1
26857,1
26859,1
26861,1
26863,0
26864,1
26869,0
26870,1
26872,0
26873,1
26875,1
26880,1
26883,0
26884,0
26894,0
26895,0
26896,1
26898,1
26900,0
26903,0
26904,1
26906,0
26907,1
26911,0
26913,1
26915,1
26917,1
26918,1
26922,0
26925,0
26926,1
26927,0
26928,0
26931,1
26937,1
26940,0
26942,0
26945,0
26946,1
26950,0
26951,1
26954,0
26958,1
26961,0
26965,1
26973,1
26974,0
26975,0
26976,1
26977,0
26980,1
26985,0
26987,0
26990,0
26995,0
26996,1
26997,0
26999,1
27005,0
27007,1
27008,0
27013,0
27021,1
27023,0
27026,0
27031,1
27032,0
27035,1
27036,0
27040,1
27044,0
27045,1
27047,1
27048,0
27052,0
27055,1
27057,0
27058,0
27062,0
27066,0
27067,0
27071,0
27072,1
27073,1
27076,0
27077,0
27084,0
27085,1
27086,1
27088,0
27090,1
27095,0
27096,1
27097,1
27099,0
27102,0
27104,0
27110,0
27119,1
27121,0
27122,0
27125,1
27126,0
27129,1
27130,1
27132,0
27133,1
27139,0
27140,0
27142,1
27144,0
27147,1
27148,0
27149,1
27157,1
27158,1
27160,0
27163,1
27164,1
27166,0
27167,0
27172,0
27174,1
27176,0
27179,1
27182,0
27183,1
27187,1
27189,1
27190,0
27191,0
27192,1
27196,0
27198,0
27201,1
27202,0
27203,0
27205,1
27207,0
27208,0
27211,1
27212,0
27213,0
27218,0
27219,0
27220,0
27225,1
27227,0
27229,1
27236,1
27239,0
27241,0
27242,1
27243,0
27244,1
27245,0
27253,1
27261,0
27263,1
27264,1
27266,0
27267,0
27268,1
27270,0
27272,0
27277,0
27278,1
27279,1
27285,1
27286,0
27287,0
27288,0
27291,1
27292,0
27293,0
27294,1
27295,1
27297,0
27301,1
27302,1
27303,0
27306,1
27307,0
27308,0
27309,1
27310,0
27311,1
27313,0
27314,1
27316,0
27317,0
27318,1
27319,0
27320,1
27326,1
27329,0
27333,0
27334,0
27336,1
27337,1
27341,1
27342,0
27343,0
27346,0
27347,1
27349,1
27351,0
27355,0
27358,0
27359,0
27363,0
27366,0
27367,1
27368,0
27369,1
27370,0
27371,0
27374,0
27375,0
27376,0
27382,1
27386,0
27388,0
27390,0
27392,0
27394,1
27395,1
27396,1
27408,1
27410,1
27411,1
27412,0
27415,0
27416,1
27419,0
27420,1
27423,0
27424,1
27426,1
27429,0
27430,0
27431,0
27432,0
27433,0
27434,1
27435,1
27437,0
27439,0
27447,0
27451,0
27453,1
27455,0
27457,0
27461,0
27463,0
27464,0
27466,0
27471,1
27473,1
27474,1
27475,0
27476,0
27477,1
27480,0
27481,1
27482,1
27483,0
27487,0
27491,0
27500,0
27507,1
27508,1
27509,0
27510,0
27512,0
27513,1
27520,0
27522,1
27524,0
27529,0
27531,0
27534,0
27535,1
27536,0
27537,1
27544,0
27547,1
27548,0
27549,0
27557,0
27558,1
27559,1
27561,0
27563,0
27564,1
27565,1
27566,0
27571,1
27572,1
27573,1
27575,0
27579,0
27582,0
27583,0
27584,0
27585,0
27590,1
27591,1
27592,0
27594,0
27595,1
27596,0
27600,0
27601,0
27608,1
27609,0
27610,1
27611,1
27612,0
27614,0
27615,1
27617,0
27618,1
27620,1
27623,1
27626,0
27627,1
27631,0
27634,1
27635,1
27636,0
27639,1
27641,1
27644,0
27645,0
27646,1
27649,0
27651,1
27652,0
27654,1
27655,1
27656,0
27657,0
27660,0
27661,1
27662,1
27663,0
27666,1
27667,0
27670,1
27676,0
27678,1
27682,0
27683,1
27684,1
27686,1
27687,0
27688,0
27690,0
27694,0
27702,0
27706,0
27708,0
27711,0
27714,0
27715,0
27716,0
27721,0
27722,0
27723,1
27725,1
27726,0
27727,0
27729,0
27730,1
27732,0
27734,1
27736,0
27738,1
27739,0
27740,0
27741,0
27743,1
27745,1
27746,1
27752,1
27755,1
27757,0
27758,0
27760,1
27764,1
27765,0
27768,1
27771,1
27774,1
27776,1
27778,0
27782,0
27783,1
27786,0
27787,0
27791,0
27792,1
27794,0
27799,0
27800,0
27807,1
27810,1
27811,0
27812,0
27815,1
27817,1
27819,0
27820,1
27821,0
27822,0
27826,0
27829,1
27830,1
27832,1
27836,0
27838,0
27841,0
27848,0
27851,0
27853,0
27855,1
27856,1
27858,0
27859,1
27860,0
27861,1
27862,1
27863,0
27864,0
27865,1
27867,1
27873,0
27884,0
27886,0
27887,0
27888,1
27890,0
27892,1
27893,1
27894,0
27895,0
27896,0
27897,0
27900,0
27902,1
27912,0
27914,1
27916,1
27924,1
27927,1
27930,1
27934,1
27937,1
27945,0
27946,0
27950,0
27951,1
27953,0
27955,0
27957,1
27958,1
27959,0
27962,0
27963,1
27964,0
27965,0
27971,0
27973,0
27979,1
27985,1
27996,0
27997,0
27998,1
28001,0
28006,0
28016,0
28020,1
28023,1
28024,1
28027,0
28028,1
28029,1
28034,1
28036,1
28040,0
28042,0
28047,1
28048,1
28058,0
28061,0
28062,0
28066,0
28067,1
28068,0
28075,0
28076,1
28077,1
28078,1
28079,0
28080,0
28081,0
28082,0
28084,1
28090,1
28096,1
28098,1
28100,0
28101,1
28118,0
28119,1
28120,1
28122,1
28124,0
28129,0
28131,0
28134,1
28137,1
28143,0
28145,0
28146,1
28148,1
28149,1
28151,0
28154,0
28155,0
28162,1
28166,0
28168,0
28171,1
28175,1
28178,1
28180,1
28181,0
28185,1
28189,0
28190,0
28191,1
28192,1
28194,0
28197,1
28198,0
28202,1
28203,0
28205,0
28208,0
28212,0
28215,1
28216,0
28217,0
28218,1
28220,0
28221,0
28223,0
28230,1
28231,1
28233,0
28234,1
28238,0
28242,1
28243,0
28244,1
28245,0
28247,0
28248,0
28249,0
28254,1
28255,0
28256,1
28266,0
28267,1
28269,0
28270,1
28274,1
28279,0
28280,1
28281,1
28283,0
28284,1
28287,0
28291,0
28292,1
28294,0
28296,0
28297,1
28298,1
28300,0
28301,0
28304,0
28305,0
28306,0
28307,0
28311,0
28312,0
28315,1
28317,1
28319,1
28320,0
28321,1
28322,1
28325,0
28327,0
28328,1
28329,0
28332,1
28333,0
28335,1
28349,1
28350,1
28351,1
28353,0
28355,0
28356,0
28359,1
28361,0
28365,0
28367,1
28370,0
28377,1
28380,1
28381,0
28382,1
28385,1
28386,1
28387,1
28388,0
28389,0
28390,0
28391,1
28394,0
28396,0
28398,1
28405,0
28408,0
28410,1
28411,1
28412,0
28418,0
28421,1
28426,0
28428,0
28429,0
28431,1
28435,0
28439,0
28441,0
28443,1
28444,1
28449,0
28450,1
28452,0
28453,1
28454,0
28455,1
28456,1
28462,0
28466,1
28472,0
28473,0
28475,1
28482,0
28483,0
28487,1
28490,1
28491,0
28492,0
28494,1
28496,0
28499,1
28500,1
28506,1
28512,1
28513,0
28514,1
28515,0
28519,0
28524,0
28525,0
28526,0
28528,1
28531,1
28532,1
28538,0
28541,1
28546,0
28549,1
28554,0
28555,1
28558,0
28560,1
28562,1
28567,1
28571,0
28574,1
28575,0
28576,1
28578,0
28583,1
28586,0
28587,0
28588,0
28592,1
28595,0
28601,0
28602,0
28603,1
28610,0
28615,0
28620,0
28624,1
28625,0
28626,0
28628,1
28631,0
28634,0
28637,1
28639,0
28640,1
28645,0
28649,0
28652,1
28653,1
28655,1
28656,0
28657,0
28660,0
28663,0
28664,0
28665,0
28668,1
28669,0
28670,0
28671,1
28675,1
28680,1
28682,0
28683,0
28688,0
28689,0
28692,0
28693,0
28694,0
28695,0
28696,1
28702,1
28705,1
28709,0
28711,1
28712,0
28716,0
28717,0
28722,0
28724,1
28727,0
28728,1
28730,1
28732,1
28734,1
28739,0
28740,0
28742,1
28744,0
28745,0
28751,0
28756,1
28758,0
28759,1
28769,0
28771,0
28772,1
28773,0
28777,0
28778,0
28782,0
28784,1
28786,1
28787,0
28788,0
28791,0
28793,1
28797,0
28801,0
28804,1
28805,0
28806,1
28808,0
28813,1
28817,1
28819,1
28820,1
28825,0
28826,1
28828,1
28829,1
28830,1
28832,0
28839,1
28846,0
28850,1
28851,1
28852,0
28858,1
28859,1
28863,0
28865,0
28867,0
28870,0
28871,0
28875,1
28877,0
28880,0
28881,0
28883,0
28887,1
28889,0
28891,1
28893,0
28895,1
28896,0
28898,0
28901,1
28902,1
28903,0
28905,0
28907,1
28909,0
28911,0
28912,1
28914,0
28916,1
28917,1
28918,0
28921,1
28927,0
28930,0
28934,1
28936,1
28938,0
28942,0
28945,1
28948,1
28951,1
28952,0
28956,1
28957,0
28959,0
28960,1
28967,1
28968,0
28970,0
28975,1
28979,0
28984,1
28986,0
28989,1
28991,0
28992,1
28995,0
28998,1
28999,0
29000,1
29003,0
29004,1
29007,1
29011,1
29019,0
29021,0
29022,1
29025,0
29026,1
29028,1
29031,0
29034,1
29035,0
29039,1
29040,1
29045,1
29046,1
29049,0
29050,0
29052,0
29056,1
29059,0
29061,0
29062,0
29064,0
29068,0
29070,0
29071,0
29075,0
29077,0
29078,0
29079,1
29080,1
29084,0
29085,1
29086,1
29087,0
29092,0
29093,1
29094,0
29095,1
29096,0
29099,0
29100,0
29103,1
29104,0
29105,1
29107,0
29108,0
29109,0
29110,1
29114,0
29116,1
29117,1
29119,0
29123,1
29125,0
29128,0
29129,1
29131,0
29132,0
29133,1
29135,0
29136,0
29137,1
29139,1
29140,0
29141,0
29142,0
29143,1
29146,0
29150,1
29162,0
29166,0
29171,0
29175,0
29176,1
29177,1
29178,1
29183,0
29184,1
29186,1
29188,0
29192,0
29193,0
29198,1
29205,0
29206,0
29210,0
29214,0
29218,0
29220,1
29221,0
29222,1
29223,1
29225,0
29226,0
29227,1
29233,0
29235,0
29238,0
29241,1
29250,0
29251,0
29252,0
29256,1
29262,1
29263,0
29265,0
29266,0
29268,0
29269,0
29272,1
29273,1
29275,0
29276,1
29277,1
29278,1
29279,0
29284,0
29288,1
29290,0
29291,0
29292,0
29295,1
29296,0
29298,0
29299,1
29300,0
29303,0
29304,1
29305,0
29307,1
29308,1
29311,1
29320,0
29321,0
29325,0
29326,0
29327,1
29329,0
29330,1
29335,0
29338,0
29339,1
29341,0
29342,1
29343,0
29345,0
29347,1
29353,0
29354,1
29358,1
29360,1
29366,1
29368,1
29369,0
29372,0
29382,1
29384,1
29386,0
29387,0
29389,0
29390,1
29392,0
29395,0
29400,0
29402,1
29403,0
29410,0
29411,1
29414,0
29417,0
29418,1
29422,0
29423,1
29424,1
29429,1
29434,0
29435,1
29440,0
29447,1
29450,0
29454,1
29465,1
29466,0
29471,0
29472,1
29473,0
29475,1
29476,0
29482,0
29488,1
29489,1
29490,0
29491,1
29492,0
29495,1
29501,0
29503,0
29504,1
29510,1
29514,0
29520,0
29523,1
29524,0
29527,1
29530,1
29532,1
29534,0
29536,1
29538,0
29549,1
29550,0
29551,1
29554,1
29558,0
29559,1
29564,1
29566,0
29567,1
29570,0
29571,1
29575,0
29576,0
29579,0
29580,0
29583,1
29584,1
29585,0
29602,1
29604,0
29608,1
29610,1
29613,1
29614,0
29615,0
29616,0
29617,0
29624,1
29627,1
29632,1
29633,1
29634,1
29636,0
29638,1
29639,1
29642,0
29647,0
29649,1
29650,1
29652,0
29656,1
29658,0
29659,0
29660,0
29661,1
29663,0
29666,0
29668,0
29670,0
29672,0
29673,0
29676,0
29681,0
29682,1
29684,1
29686,1
29687,1
29695,1
29696,0
29706,0
29707,1
29712,0
29714,0
29725,0
29727,1
29732,1
29737,1
29741,1
29744,1
29745,1
29747,1
29750,0
29755,0
29758,1
29759,0
29760,1
29762,1
29768,1
29771,0
29774,0
29775,0
29780,1
29785,0
29786,0
29787,1
29789,0
29792,0
29794,0
29796,1
29797,1
29798,1
29799,0
29800,0
29802,0
29806,0
29807,0
29808,1
29810,1
29815,1
29816,0
29817,1
29822,1
29830,1
29831,0
29832,1
29833,0
29837,0
29842,0
29845,1
29846,1
29847,0
29848,0
29851,1
29853,0
29856,0
29857,0
29860,1
29862,1
29867,1
29868,0
29869,0
29872,0
29874,0
29876,0
29877,0
29880,0
29884,0
29888,1
29890,1
29891,0
29894,1
29896,0
29899,1
29903,0
29907,1
29908,1
29910,0
29911,0
29913,0
29914,0
29915,0
29916,0
29917,1
29918,0
29921,0
29923,1
29924,0
29929,1
29930,1
29931,0
29934,0
29935,0
29937,0
29941,0
29942,1
29945,0
29946,0
29947,0
29952,1
29953,1
29955,0
29956,0
29957,0
29959,0
29960,0
29961,0
29971,0
29973,0
29975,0
29977,1
29979,1
29980,1
29982,1
29983,0
29984,1
29986,0
29987,0
29989,0
29990,0
29992,0
29994,1
29995,0
29998,0
