claim_number,pred
2,0
9,1
11,1
13,0
14,0
18,1
22,1
23,1
24,1
27,0
28,1
33,0
41,1
44,1
45,1
46,1
47,1
48,1
51,1
52,1
55,0
57,1
60,1
62,1
65,1
70,1
72,1
75,1
79,0
82,1
84,0
86,1
87,1
88,1
97,0
101,0
103,1
105,0
106,1
107,1
112,0
113,1
117,0
118,1
122,1
123,0
124,0
125,1
128,0
134,0
136,0
137,0
138,0
139,1
140,1
141,0
142,0
144,1
152,0
153,1
154,0
156,0
168,0
170,0
172,0
174,0
176,1
181,0
184,0
191,0
192,1
196,0
198,1
201,0
202,0
203,0
205,0
206,0
207,0
212,0
218,0
224,1
225,0
226,1
229,1
231,1
234,0
239,0
240,1
243,0
244,0
246,0
247,1
249,1
250,0
251,0
252,0
253,0
254,0
255,0
259,0
263,0
264,0
265,1
267,1
269,0
270,1
272,0
273,1
276,0
281,1
282,0
286,0
289,0
290,1
291,0
293,1
297,0
304,1
308,0
314,1
317,1
321,0
322,1
324,0
327,1
332,1
335,1
336,1
337,1
338,0
339,0
340,1
341,0
343,0
344,1
345,1
346,0
347,1
349,1
350,1
351,0
355,1
361,1
362,1
363,1
364,0
365,0
369,1
370,0
372,0
376,0
377,1
378,1
379,1
381,1
387,1
388,1
394,1
396,1
399,1
402,1
403,0
404,1
408,1
410,1
411,0
412,0
413,0
414,1
415,0
416,0
423,1
424,0
428,1
433,1
435,1
440,1
444,0
446,1
447,1
454,0
455,0
456,0
459,0
463,0
465,0
466,0
468,1
470,0
471,0
474,0
475,0
476,1
478,1
480,0
482,1
485,0
487,1
490,0
496,1
497,1
498,0
499,1
501,0
502,0
503,0
506,0
510,0
515,0
516,0
517,1
521,1
524,0
525,0
530,0
533,1
538,1
539,0
540,0
547,0
556,0
558,0
559,1
560,0
563,0
567,0
568,0
570,1
571,1
572,0
574,1
575,1
576,0
577,1
579,0
580,0
581,0
582,0
585,1
590,1
591,1
594,0
596,1
600,1
604,1
605,0
608,0
616,0
622,1
625,0
628,0
631,0
632,0
633,1
635,0
638,1
640,0
641,1
643,1
645,1
648,0
650,1
651,1
654,0
656,1
659,1
665,0
670,0
671,1
672,0
673,1
674,0
675,0
676,1
677,1
678,0
680,0
683,0
689,0
692,1
695,1
697,1
698,1
700,0
704,1
707,1
709,1
710,0
711,1
717,0
719,1
720,0
723,1
724,1
728,1
729,0
733,1
736,0
737,1
738,0
739,0
742,0
748,1
749,1
750,1
753,0
757,1
761,1
763,0
765,1
768,0
771,0
772,0
774,0
775,0
779,0
782,1
785,1
786,1
789,0
791,1
795,1
800,0
801,0
804,1
807,1
808,1
815,1
816,1
818,0
827,1
834,1
835,0
847,1
850,1
853,0
858,1
861,1
862,0
864,1
867,1
868,1
873,0
874,0
875,1
876,0
878,0
880,1
884,1
887,0
888,0
889,1
893,1
896,0
898,0
902,0
903,1
905,0
914,1
915,1
916,1
917,0
918,1
920,1
921,0
922,1
923,0
924,0
927,1
932,1
934,0
937,0
938,0
939,0
940,1
946,1
948,0
949,0
958,0
959,0
961,1
965,1
968,0
969,1
971,1
978,0
982,1
985,0
987,0
989,1
992,1
993,1
999,1
1002,1
1005,1
1006,1
1009,1
1013,1
1014,0
1016,0
1024,1
1025,0
1026,1
1032,0
1033,0
1037,0
1038,0
1040,1
1043,0
1044,0
1045,0
1046,0
1050,0
1051,1
1054,0
1056,0
1064,0
1066,1
1067,0
1068,0
1070,0
1071,1
1072,1
1075,1
1081,0
1082,1
1083,1
1084,0
1086,0
1091,0
1094,1
1097,0
1098,0
1103,1
1110,0
1111,0
1122,0
1123,0
1125,1
1126,0
1134,0
1137,0
1140,0
1141,0
1143,1
1144,0
1145,0
1149,1
1151,0
1153,0
1155,0
1156,1
1160,0
1162,0
1163,0
1164,0
1165,0
1166,0
1167,0
1168,0
1171,0
1173,0
1174,0
1176,1
1179,1
1183,0
1184,0
1190,1
1193,0
1194,0
1199,0
1200,1
1202,0
1203,0
1205,1
1206,1
1207,0
1211,0
1219,0
1220,1
1221,0
1223,1
1232,0
1237,1
1238,1
1241,0
1245,0
1246,1
1247,1
1249,1
1252,0
1253,0
1254,1
1255,1
1258,0
1259,0
1260,0
1264,0
1267,0
1268,0
1271,0
1272,0
1273,0
1275,0
1278,0
1285,0
1286,0
1287,0
1290,1
1292,0
1294,1
1297,1
1302,0
1303,0
1304,0
1305,1
1306,0
1310,0
1312,0
1313,1
1314,0
1316,0
1321,0
1322,0
1323,0
1331,1
1337,0
1339,1
1341,0
1342,0
1344,0
1349,0
1350,0
1351,0
1354,0
1357,0
1365,0
1366,0
1367,0
1369,0
1370,0
1376,0
1377,0
1380,0
1385,0
1387,0
1388,0
1389,0
1393,0
1396,0
1397,0
1399,1
1407,0
1412,0
1414,1
1415,0
1416,0
1419,0
1423,0
1426,0
1427,0
1436,1
1441,0
1448,0
1449,1
1450,0
1455,0
1461,0
1463,1
1467,0
1469,0
1473,0
1475,0
1476,1
1477,1
1483,1
1484,1
1485,1
1490,1
1491,0
1497,1
1498,1
1504,1
1507,1
1508,0
1509,1
1512,0
1514,1
1515,0
1516,1
1518,1
1521,1
1522,0
1525,1
1526,1
1528,1
1530,1
1531,1
1534,1
1535,1
1537,1
1539,1
1540,0
1546,1
1549,1
1550,1
1552,0
1557,0
1558,0
1562,0
1564,0
1565,1
1567,0
1571,0
1572,1
1578,1
1580,0
1582,1
1583,1
1588,1
1601,0
1605,0
1607,0
1612,0
1619,1
1624,0
1625,0
1629,1
1631,0
1632,0
1636,0
1637,0
1639,1
1641,0
1642,0
1647,1
1648,0
1650,0
1652,1
1654,0
1656,0
1657,0
1659,0
1661,1
1663,1
1669,1
1672,1
1674,0
1676,1
1678,1
1679,1
1680,1
1683,0
1689,1
1692,1
1694,1
1695,1
1696,1
1697,1
1700,1
1702,1
1703,1
1706,0
1707,1
1708,1
1709,1
1710,1
1714,1
1719,1
1723,1
1734,1
1737,1
1739,1
1743,1
1745,1
1746,1
1747,1
1750,1
1751,1
1753,1
1754,1
1756,0
1757,0
1758,1
1766,1
1769,1
1770,0
1772,1
1774,1
1776,0
1780,1
1782,1
1784,0
1786,1
1787,0
1788,1
1793,0
1798,1
1799,1
1802,1
1805,1
1808,1
1809,1
1810,1
1811,1
1812,1
1814,1
1816,0
1817,0
1819,1
1823,0
1824,1
1825,0
1830,1
1832,1
1833,1
1834,0
1835,1
1842,1
1846,0
1848,1
1850,1
1851,1
1853,1
1854,0
1857,1
1858,1
1860,1
1861,1
1863,1
1864,1
1866,1
1868,1
1869,1
1870,1
1876,1
1879,1
1880,0
1883,1
1884,1
1885,0
1886,1
1890,0
1892,1
1896,0
1898,0
1900,0
1905,0
1906,0
1908,0
1909,0
1911,0
1913,0
1914,0
1916,0
1917,0
1918,1
1919,1
1920,0
1929,0
1931,0
1938,1
1939,0
1944,0
1945,0
1949,1
1953,1
1955,0
1956,0
1959,0
1960,0
1963,0
1968,0
1971,0
1973,0
1975,0
1976,1
1980,0
1981,1
1984,0
1987,1
1989,1
1991,1
1993,0
1996,1
2002,1
2006,0
2008,1
2011,0
2012,0
2014,1
2015,1
2019,1
2020,0
2025,1
2028,0
2030,0
2032,0
2033,0
2035,0
2037,1
2038,0
2039,0
2041,0
2044,0
2046,0
2049,0
2053,0
2054,0
2055,0
2056,0
2057,1
2059,1
2060,1
2061,0
2062,0
2066,0
2067,1
2068,0
2070,0
2073,1
2079,0
2081,0
2088,0
2091,0
2095,1
2096,0
2098,0
2100,0
2101,0
2102,0
2105,1
2107,0
2108,1
2111,1
2114,1
2118,1
2119,0
2123,1
2125,1
2127,0
2128,1
2131,1
2132,1
2137,0
2142,0
2143,0
2145,1
2148,0
2150,1
2153,1
2154,1
2155,1
2156,1
2162,1
2165,1
2166,1
2167,1
2168,1
2169,1
2171,1
2172,1
2173,1
2177,1
2179,1
2181,1
2182,1
2183,1
2196,0
2197,1
2199,1
2200,0
2208,1
2211,1
2212,1
2214,0
2215,0
2220,1
2221,1
2222,1
2224,1
2225,1
2229,1
2234,0
2238,1
2242,0
2245,1
2247,1
2248,1
2249,1
2250,1
2251,1
2252,1
2254,1
2255,1
2256,1
2258,1
2265,1
2266,1
2267,1
2271,1
2278,1
2280,1
2285,1
2292,1
2293,1
2294,1
2295,1
2296,1
2297,1
2299,1
2300,1
2301,1
2305,0
2308,1
2309,0
2310,1
2311,1
2312,1
2317,1
2319,1
2323,1
2325,1
2327,1
2330,1
2337,0
2340,0
2347,1
2354,1
2355,0
2357,1
2361,1
2363,0
2367,0
2368,0
2369,0
2372,0
2374,0
2375,0
2376,1
2378,0
2382,0
2385,0
2390,1
2393,0
2394,1
2407,1
2408,1
2409,1
2414,1
2416,1
2421,1
2424,1
2427,1
2429,1
2431,1
2434,1
2435,1
2438,1
2439,1
2441,1
2442,0
2443,1
2444,0
2445,1
2449,1
2450,1
2452,0
2456,1
2457,1
2464,1
2466,1
2467,1
2468,1
2470,1
2475,1
2476,1
2479,0
2480,0
2481,1
2488,0
2493,1
2495,1
2499,1
2500,1
2501,1
2502,1
2503,0
2505,0
2506,0
2509,0
2510,0
2515,0
2517,0
2519,0
2522,0
2523,0
2524,1
2529,1
2530,0
2533,0
2536,1
2538,1
2543,0
2544,1
2545,1
2546,1
2549,0
2550,1
2551,1
2554,1
2557,1
2559,1
2560,1
2563,1
2564,1
2565,1
2569,1
2570,0
2574,0
2575,1
2576,0
2578,0
2581,0
2583,1
2584,1
2586,1
2590,1
2591,1
2592,1
2600,1
2601,1
2602,1
2604,1
2607,1
2617,1
2620,1
2625,1
2629,0
2631,0
2633,1
2643,0
2644,1
2645,1
2647,1
2651,0
2652,1
2654,1
2655,1
2657,0
2659,1
2660,0
2661,1
2662,0
2663,1
2666,1
2668,0
2674,1
2675,0
2676,0
2681,1
2683,0
2686,1
2687,1
2690,1
2694,0
2695,0
2697,1
2700,1
2702,1
2705,1
2709,0
2716,0
2718,0
2719,0
2720,0
2725,1
2726,1
2728,0
2730,0
2731,0
2732,0
2737,0
2739,1
2743,0
2745,0
2746,0
2748,1
2749,1
2750,0
2751,0
2753,0
2757,1
2758,0
2762,0
2764,1
2766,1
2768,0
2769,1
2770,0
2771,1
2773,0
2775,1
2777,0
2778,0
2784,0
2785,0
2786,0
2788,0
2789,1
2790,1
2791,1
2796,1
2799,1
2801,0
2809,1
2814,0
2816,0
2819,0
2822,1
2826,0
2828,0
2829,1
2831,1
2832,1
2835,0
2838,1
2840,1
2843,0
2845,1
2847,1
2851,1
2853,1
2854,0
2855,0
2856,0
2866,1
2868,1
2869,1
2870,1
2872,1
2873,1
2874,0
2875,1
2879,0
2880,1
2883,1
2885,1
2886,1
2888,0
2889,1
2890,0
2892,1
2896,0
2901,1
2905,1
2907,1
2911,0
2913,0
2914,1
2916,1
2920,1
2921,1
2923,1
2931,1
2935,1
2937,0
2938,1
2939,1
2940,0
2942,1
2948,1
2950,1
2957,1
2960,0
2961,1
2962,1
2963,1
2965,0
2968,0
2971,1
2973,0
2974,1
2977,0
2982,0
2984,1
2991,1
2992,0
2993,1
2994,1
2995,1
3001,1
3003,1
3004,1
3008,1
3009,1
3012,1
3015,1
3018,1
3020,1
3023,1
3024,1
3025,1
3028,1
3030,1
3033,1
3034,1
3040,1
3043,0
3045,1
3051,1
3054,1
3055,0
3061,1
3062,1
3066,1
3067,0
3069,1
3070,1
3071,1
3077,1
3083,0
3084,1
3085,1
3086,1
3094,0
3101,1
3102,0
3104,1
3105,0
3106,0
3107,0
3108,0
3109,0
3114,0
3115,0
3116,1
3124,1
3128,0
3129,1
3130,1
3131,0
3134,1
3135,1
3136,0
3137,1
3138,1
3141,1
3142,1
3143,1
3146,1
3148,1
3150,0
3151,0
3154,0
3156,0
3157,1
3161,1
3170,1
3172,1
3173,1
3175,1
3176,1
3177,1
3178,1
3179,1
3180,1
3185,0
3188,0
3192,1
3193,0
3194,1
3195,1
3197,1
3209,0
3210,1
3211,1
3216,0
3217,0
3221,1
3222,1
3224,1
3228,1
3229,1
3230,1
3233,0
3237,1
3238,1
3239,1
3240,0
3241,0
3243,0
3244,1
3245,1
3255,0
3256,1
3257,1
3258,0
3259,1
3260,0
3261,1
3263,1
3264,0
3266,0
3268,0
3270,1
3271,0
3272,0
3274,1
3277,0
3281,0
3282,0
3284,0
3285,1
3286,1
3289,0
3290,1
3291,1
3295,0
3299,1
3301,0
3302,1
3311,0
3314,0
3315,0
3318,0
3320,1
3321,0
3324,1
3329,1
3336,1
3342,0
3344,1
3345,1
3346,0
3349,1
3353,0
3356,1
3357,0
3362,0
3363,1
3365,1
3367,0
3376,0
3387,0
3390,0
3391,1
3392,1
3393,1
3395,1
3396,0
3398,1
3400,0
3401,0
3402,0
3403,0
3405,0
3406,0
3407,1
3410,1
3413,0
3415,0
3420,0
3422,0
3423,1
3432,0
3433,0
3436,0
3437,0
3442,0
3445,0
3449,0
3454,0
3456,0
3458,0
3460,0
3461,0
3462,0
3466,0
3467,0
3469,0
3470,0
3472,0
3474,0
3476,0
3477,0
3478,0
3481,0
3482,0
3483,0
3484,0
3486,0
3488,0
3489,0
3490,1
3491,0
3492,1
3499,0
3504,0
3505,0
3507,0
3510,0
3512,0
3514,0
3515,0
3518,0
3520,0
3523,0
3524,1
3528,0
3531,0
3532,1
3539,0
3540,1
3541,1
3543,0
3548,1
3552,1
3555,0
3557,0
3558,0
3559,1
3560,0
3561,1
3562,1
3565,1
3578,0
3580,0
3582,1
3584,1
3586,0
3590,1
3591,1
3592,0
3593,0
3596,0
3600,1
3601,0
3605,0
3608,0
3610,1
3613,1
3618,0
3621,1
3623,0
3624,1
3627,1
3628,1
3629,0
3631,1
3632,0
3633,1
3635,1
3637,1
3641,1
3642,0
3653,1
3662,0
3663,0
3664,0
3669,0
3671,1
3674,1
3676,0
3679,0
3680,1
3684,1
3686,0
3689,1
3691,1
3694,0
3706,1
3707,1
3708,1
3709,0
3710,0
3712,1
3717,0
3718,1
3724,1
3725,0
3728,0
3730,1
3736,1
3738,0
3740,1
3742,0
3747,1
3748,1
3751,1
3753,0
3756,1
3757,1
3758,1
3763,0
3765,0
3770,1
3775,1
3783,1
3784,0
3785,1
3787,1
3788,0
3789,0
3790,1
3795,1
3797,1
3798,1
3801,1
3803,0
3807,1
3808,1
3809,1
3810,1
3813,0
3817,1
3819,1
3821,1
3822,1
3824,0
3827,1
3828,1
3829,0
3832,0
3833,1
3834,1
3836,0
3837,0
3839,0
3845,1
3846,1
3848,0
3854,1
3857,1
3859,1
3862,1
3864,1
3865,0
3866,1
3868,1
3869,1
3870,0
3871,0
3873,0
3874,1
3878,1
3880,0
3882,0
3883,1
3885,1
3887,0
3892,1
3895,1
3897,1
3898,0
3901,0
3902,1
3904,1
3910,1
3913,0
3916,1
3918,0
3920,1
3921,1
3924,1
3925,0
3929,1
3930,1
3931,1
3932,1
3937,0
3938,1
3940,0
3942,0
3943,1
3945,1
3948,0
3951,1
3952,1
3953,0
3954,1
3955,1
3958,1
3960,0
3961,1
3962,1
3966,1
3968,1
3972,1
3974,1
3980,1
3981,0
3983,0
3985,0
3988,0
3991,0
3995,1
3996,0
3998,0
4001,1
4005,0
4007,1
4009,1
4013,1
4016,0
4018,0
4019,0
4024,0
4025,1
4026,1
4027,0
4028,0
4032,0
4033,0
4034,1
4035,1
4038,0
4040,0
4041,0
4054,0
4055,0
4056,1
4057,0
4059,0
4060,1
4062,1
4064,0
4065,1
4066,1
4069,1
4072,0
4075,0
4079,1
4080,1
4081,1
4084,1
4087,0
4092,1
4094,1
4095,0
4096,0
4099,1
4103,0
4104,1
4105,1
4107,1
4110,1
4112,0
4113,1
4114,0
4118,1
4119,1
4121,1
4122,1
4124,1
4125,0
4126,0
4127,1
4128,1
4131,1
4133,0
4134,1
4137,0
4138,0
4141,0
4143,1
4144,1
4158,0
4159,1
4168,1
4173,0
4181,1
4184,0
4186,1
4187,1
4189,0
4193,0
4194,0
4196,1
4197,0
4200,1
4205,0
4206,1
4208,0
4211,0
4212,0
4215,0
4219,0
4220,0
4226,0
4227,0
4229,1
4230,0
4231,0
4233,0
4236,0
4239,1
4240,0
4242,1
4244,1
4250,1
4256,1
4260,0
4262,0
4264,0
4266,0
4267,0
4269,0
4270,0
4272,0
4275,0
4277,1
4278,0
4279,0
4283,0
4285,0
4288,0
4290,0
4294,1
4295,0
4296,0
4299,0
4300,1
4303,1
4307,0
4308,0
4312,0
4313,0
4317,0
4318,1
4332,1
4333,0
4337,0
4345,0
4346,0
4347,0
4349,0
4350,1
4351,1
4352,1
4353,0
4356,1
4357,1
4358,0
4359,0
4362,0
4363,0
4364,1
4367,0
4370,0
4371,1
4373,0
4374,1
4378,1
4379,1
4381,0
4382,0
4387,0
4389,1
4390,0
4396,1
4403,1
4405,1
4407,1
4416,0
4419,1
4420,0
4421,1
4422,0
4423,0
4432,0
4433,0
4436,0
4441,1
4447,1
4451,1
4453,0
4457,1
4458,0
4460,0
4461,0
4462,0
4463,0
4465,0
4466,1
4469,1
4470,1
4475,0
4477,0
4479,1
4480,0
4485,1
4487,0
4488,0
4491,1
4493,0
4497,1
4501,1
4505,1
4506,0
4508,1
4509,1
4510,0
4511,1
4514,0
4515,1
4516,1
4519,1
4521,1
4523,1
4525,1
4530,1
4531,1
4532,1
4538,1
4539,0
4540,1
4541,1
4543,0
4545,1
4548,0
4549,1
4551,1
4552,0
4554,0
4555,0
4556,0
4559,0
4561,0
4564,0
4568,0
4569,1
4570,0
4575,0
4578,0
4585,0
4586,0
4587,0
4590,0
4599,1
4601,1
4605,1
4606,1
4607,1
4609,1
4610,1
4616,1
4617,1
4618,0
4620,0
4621,1
4622,1
4623,1
4624,0
4626,0
4629,1
4630,1
4636,1
4637,1
4639,0
4641,0
4642,1
4646,0
4649,1
4650,0
4651,0
4652,1
4654,0
4656,1
4657,1
4659,1
4661,0
4663,1
4670,1
4671,1
4674,1
4679,0
4684,1
4687,0
4692,1
4694,1
4697,0
4699,1
4700,0
4701,1
4704,1
4705,1
4707,0
4708,0
4709,0
4710,0
4719,0
4721,0
4724,1
4726,0
4729,0
4731,0
4733,1
4737,1
4738,0
4740,1
4746,0
4747,0
4751,0
4753,0
4757,0
4758,0
4759,1
4763,1
4765,0
4766,1
4770,1
4771,1
4773,1
4776,0
4778,0
4779,0
4782,0
4786,1
4791,1
4792,1
4794,0
4795,1
4798,1
4800,1
4801,1
4805,1
4808,0
4809,1
4810,1
4813,0
4815,1
4821,1
4822,0
4825,0
4827,0
4828,0
4831,1
4832,0
4840,1
4841,1
4842,0
4845,0
4847,0
4848,0
4850,0
4852,1
4853,1
4857,0
4859,1
4869,1
4871,0
4872,0
4875,1
4877,0
4880,0
4881,1
4886,1
4889,0
4891,1
4898,1
4899,1
4900,1
4901,0
4903,0
4905,1
4909,0
4912,1
4914,0
4915,0
4916,1
4917,0
4918,1
4928,0
4929,1
4933,0
4934,1
4943,1
4945,1
4946,0
4949,1
4950,1
4951,0
4952,1
4954,1
4956,1
4957,0
4958,1
4960,1
4962,0
4964,0
4967,1
4969,0
4975,1
4978,0
4979,1
4981,1
4982,1
4983,1
4984,1
4986,0
4994,1
4995,1
4997,1
4999,0
5000,1
5001,0
5002,0
5003,0
5004,0
5005,0
5008,1
5011,1
5014,0
5015,0
5017,0
5018,1
5022,0
5026,1
5027,1
5033,0
5038,0
5042,0
5043,1
5044,1
5046,0
5048,0
5051,0
5053,0
5055,0
5058,1
5060,1
5061,1
5064,1
5065,0
5066,0
5067,0
5069,0
5070,0
5079,0
5084,0
5085,0
5086,1
5087,1
5089,1
5093,1
5095,1
5096,0
5099,0
5100,0
5102,0
5105,0
5107,0
5108,0
5109,0
5116,1
5123,0
5124,0
5125,0
5128,0
5134,1
5135,1
5139,1
5141,1
5143,1
5146,1
5148,0
5151,0
5153,0
5155,0
5158,0
5159,1
5160,1
5164,1
5167,1
5171,0
5173,1
5178,0
5179,1
5183,0
5187,0
5188,0
5189,0
5190,0
5192,1
5193,0
5194,0
5198,0
5199,0
5200,1
5203,0
5206,1
5207,0
5209,0
5210,0
5212,0
5214,0
5215,0
5218,0
5223,0
5226,1
5228,0
5229,0
5231,1
5232,1
5233,0
5239,1
5242,0
5244,0
5247,0
5249,0
5251,0
5255,1
5257,0
5259,0
5260,0
5261,0
5264,0
5265,0
5267,1
5268,1
5270,1
5272,0
5276,1
5278,0
5284,1
5286,0
5290,0
5292,0
5294,1
5298,1
5300,1
5304,1
5306,1
5313,1
5314,1
5316,0
5321,0
5322,0
5326,0
5327,0
5329,0
5331,0
5335,1
5337,0
5338,1
5342,0
5343,1
5344,0
5345,0
5346,0
5347,0
5349,0
5351,0
5356,0
5358,1
5363,0
5365,0
5367,0
5373,1
5374,0
5375,0
5379,0
5380,0
5383,0
5385,0
5386,0
5392,0
5393,1
5394,1
5396,0
5397,0
5398,1
5399,0
5402,0
5409,0
5410,0
5412,0
5414,0
5415,1
5419,0
5420,1
5421,1
5427,0
5434,1
5435,0
5438,0
5439,0
5440,0
5443,1
5444,0
5453,1
5458,1
5460,0
5461,0
5462,0
5463,0
5466,0
5468,1
5478,1
5480,1
5485,0
5486,0
5491,0
5492,1
5493,1
5496,0
5500,0
5502,1
5503,0
5505,0
5506,1
5509,1
5510,0
5519,0
5520,0
5529,0
5530,0
5533,1
5534,0
5536,1
5538,0
5539,0
5542,0
5544,0
5546,0
5547,1
5551,1
5552,0
5553,0
5555,1
5559,0
5561,0
5565,1
5566,0
5569,1
5571,1
5572,0
5577,0
5581,0
5583,0
5587,0
5596,1
5598,0
5601,0
5602,0
5604,0
5605,1
5606,0
5609,0
5613,0
5621,0
5627,1
5632,0
5634,0
5635,0
5641,1
5644,1
5645,1
5646,0
5647,0
5650,1
5651,0
5653,1
5660,1
5661,0
5665,1
5666,0
5670,0
5676,0
5683,0
5684,1
5685,1
5689,0
5690,0
5692,0
5698,0
5699,1
5702,1
5704,1
5706,0
5707,0
5710,0
5712,0
5713,1
5716,0
5725,0
5726,0
5730,1
5733,0
5735,0
5737,1
5739,0
5741,0
5742,1
5745,0
5751,0
5754,0
5757,1
5758,0
5759,1
5761,0
5762,0
5765,1
5768,0
5772,0
5775,0
5776,0
5777,0
5779,0
5782,0
5784,1
5786,0
5788,0
5789,0
5793,0
5794,0
5797,0
5798,0
5800,1
5801,1
5804,1
5805,1
5807,0
5811,0
5822,0
5823,1
5825,1
5827,0
5828,0
5832,0
5834,1
5838,0
5839,1
5842,1
5849,1
5850,0
5851,0
5855,0
5856,1
5857,1
5859,1
5861,0
5862,0
5863,0
5866,1
5869,0
5872,0
5873,1
5875,0
5878,1
5880,0
5886,1
5892,1
5894,0
5898,0
5899,1
5900,0
5906,0
5907,0
5909,0
5910,0
5911,0
5912,0
5913,0
5925,0
5929,0
5931,0
5937,0
5938,0
5939,0
5940,1
5942,0
5943,0
5944,0
5946,1
5950,0
5952,0
5953,0
5954,0
5955,0
5958,0
5959,0
5960,0
5964,1
5967,0
5969,0
5970,1
5972,1
5973,0
5976,1
5979,0
5980,0
5981,1
5982,0
5983,1
5984,0
5985,1
5991,0
5992,1
5994,1
5996,0
5997,0
6001,0
6002,0
6009,0
6010,0
6011,0
6018,1
6021,1
6024,1
6026,0
6031,0
6033,0
6034,0
6036,0
6037,0
6041,0
6042,0
6043,0
6045,1
6052,0
6053,0
6054,1
6055,0
6063,0
6066,0
6068,0
6069,0
6070,0
6071,0
6073,0
6074,0
6075,0
6077,0
6078,0
6079,0
6087,0
6088,0
6091,0
6093,0
6098,0
6101,0
6102,0
6103,0
6104,0
6107,0
6108,0
6109,0
6112,0
6117,0
6124,0
6125,0
6129,1
6133,0
6134,0
6139,0
6142,0
6144,0
6147,0
6149,0
6152,0
6155,1
6158,0
6160,0
6162,1
6164,0
6165,1
6167,0
6169,1
6170,0
6171,0
6176,1
6179,1
6180,0
6181,0
6183,1
6185,0
6187,0
6189,0
6192,1
6193,0
6195,1
6198,0
6202,1
6207,0
6209,1
6210,1
6212,0
6213,0
6214,0
6215,0
6217,1
6220,0
6223,0
6224,0
6227,0
6228,0
6230,1
6233,0
6235,0
6236,0
6238,0
6239,0
6240,0
6242,0
6244,0
6248,0
6259,1
6263,1
6265,1
6266,0
6270,0
6272,0
6273,1
6274,0
6275,0
6276,0
6278,0
6279,0
6282,0
6283,0
6284,0
6285,0
6289,0
6291,0
6296,0
6297,0
6304,0
6305,0
6311,0
6314,1
6317,0
6324,0
6326,0
6330,0
6332,1
6340,0
6342,1
6344,1
6347,1
6348,0
6350,0
6351,1
6355,1
6360,0
6362,0
6363,1
6364,1
6370,0
6371,0
6372,0
6374,1
6375,0
6379,0
6380,1
6382,0
6385,0
6389,1
6392,0
6397,0
6401,0
6403,0
6407,0
6410,0
6414,1
6415,1
6417,1
6419,1
6421,1
6422,1
6431,1
6434,1
6438,1
6440,1
6445,1
6449,0
6453,1
6455,1
6461,1
6464,1
6466,1
6467,1
6470,1
6475,1
6476,1
6477,0
6478,1
6479,1
6481,1
6482,1
6484,1
6486,1
6491,0
6492,1
6494,1
6495,1
6496,1
6497,1
6498,1
6499,0
6504,0
6505,0
6506,0
6508,0
6509,0
6511,1
6512,1
6514,0
6515,1
6519,1
6520,1
6522,1
6524,1
6528,0
6531,1
6532,0
6533,0
6539,0
6541,1
6546,0
6554,0
6557,0
6559,0
6565,0
6567,0
6568,0
6569,1
6570,0
6573,0
6574,0
6578,0
6582,0
6583,0
6589,1
6594,0
6597,0
6602,1
6604,0
6606,0
6609,0
6610,1
6611,1
6612,0
6616,0
6617,0
6623,1
6625,1
6630,0
6632,1
6633,1
6634,0
6636,0
6638,1
6639,1
6640,0
6641,0
6645,1
6646,0
6647,0
6649,0
6650,0
6652,1
6653,1
6656,0
6658,1
6660,0
6665,1
6667,1
6670,1
6673,0
6676,0
6680,1
6686,1
6687,0
6690,1
6692,0
6694,0
6702,1
6703,1
6704,1
6711,0
6714,1
6717,0
6718,0
6720,1
6722,1
6723,0
6724,1
6725,1
6727,0
6728,0
6729,0
6732,1
6735,1
6738,1
6739,1
6747,1
6749,1
6753,1
6755,1
6759,1
6761,1
6763,0
6764,0
6768,1
6769,1
6778,1
6780,1
6782,1
6783,1
6784,1
6785,1
6787,1
6789,1
6790,1
6794,1
6795,1
6799,1
6800,0
6803,0
6804,0
6807,0
6809,0
6812,0
6814,0
6815,0
6816,0
6817,0
6818,0
6825,0
6826,0
6836,0
6837,0
6839,0
6840,0
6841,0
6843,0
6844,0
6845,0
6846,0
6848,0
6849,0
6854,1
6857,1
6860,0
6863,0
6868,0
6872,0
6873,0
6874,0
6876,0
6877,0
6879,0
6882,1
6884,0
6887,1
6893,1
6895,1
6897,1
6900,0
6901,0
6902,1
6903,0
6905,0
6907,1
6909,1
6914,1
6916,1
6918,0
6919,1
6920,1
6924,0
6926,1
6930,0
6932,1
6939,1
6941,0
6944,1
6948,1
6950,0
6951,1
6952,1
6953,1
6955,1
6961,1
6964,0
6965,1
6969,1
6970,0
6973,1
6977,1
6978,0
6981,1
6988,0
6989,1
6997,0
6999,0
7000,1
7009,1
7010,1
7012,1
7015,1
7017,0
7019,1
7020,1
7022,1
7024,0
7026,0
7033,1
7039,0
7043,0
7044,1
7048,0
7049,0
7051,0
7052,0
7058,1
7059,1
7061,0
7065,1
7072,0
7073,1
7074,0
7076,0
7079,1
7085,0
7087,0
7090,0
7093,0
7094,0
7100,0
7102,0
7104,0
7106,0
7108,0
7111,0
7113,1
7114,0
7120,0
7127,0
7128,0
7132,0
7134,1
7139,0
7141,0
7142,0
7150,1
7152,0
7153,0
7156,1
7164,0
7165,0
7167,0
7171,0
7175,0
7184,0
7186,0
7188,0
7190,0
7192,0
7194,1
7199,1
7205,0
7206,1
7210,1
7212,0
7214,1
7215,1
7219,0
7225,1
7228,1
7229,0
7230,1
7234,0
7235,1
7238,0
7239,0
7242,1
7243,0
7248,0
7250,0
7252,0
7255,0
7258,0
7260,0
7264,1
7265,0
7269,0
7272,0
7276,0
7279,0
7280,0
7281,1
7283,1
7286,0
7288,0
7291,0
7294,0
7296,0
7297,0
7303,1
7304,1
7306,1
7314,1
7316,1
7323,1
7326,1
7329,0
7330,1
7331,1
7332,1
7334,1
7336,1
7338,0
7339,1
7341,1
7342,1
7343,1
7344,1
7345,1
7348,1
7349,1
7350,0
7352,1
7353,1
7358,1
7361,0
7365,0
7368,0
7369,1
7373,1
7375,0
7379,1
7381,0
7383,1
7388,1
7390,1
7391,0
7394,1
7398,1
7401,1
7402,1
7407,1
7409,1
7415,0
7418,1
7422,0
7423,1
7427,1
7428,1
7429,1
7435,1
7437,0
7440,0
7441,1
7442,0
7443,1
7447,0
7448,1
7449,1
7452,0
7456,1
7457,1
7459,0
7462,1
7463,1
7465,1
7466,1
7468,1
7469,1
7470,1
7471,1
7472,0
7474,0
7475,0
7476,0
7478,1
7482,1
7483,0
7484,1
7486,0
7494,1
7500,0
7504,0
7505,1
7506,0
7507,0
7509,0
7511,0
7512,1
7516,0
7517,1
7521,1
7523,0
7524,0
7526,0
7528,1
7530,0
7532,0
7533,0
7535,1
7536,1
7539,1
7540,0
7544,0
7545,1
7546,0
7547,0
7561,1
7564,0
7565,1
7568,1
7571,0
7572,0
7573,0
7574,1
7575,1
7577,1
7578,1
7583,0
7584,1
7585,1
7586,0
7587,0
7590,0
7591,0
7592,1
7595,1
7599,1
7601,0
7603,1
7605,1
7608,0
7611,1
7614,1
7615,0
7617,0
7618,1
7619,1
7623,0
7625,1
7628,1
7629,0
7630,0
7637,1
7638,1
7639,1
7643,0
7644,1
7645,1
7650,1
7654,0
7656,1
7657,1
7665,0
7667,0
7672,1
7674,1
7676,0
7687,0
7690,1
7691,1
7693,0
7705,1
7706,0
7708,0
7709,1
7713,0
7714,1
7716,1
7718,0
7721,1
7723,0
7726,1
7730,1
7731,0
7733,1
7735,1
7739,0
7740,0
7741,0
7744,0
7751,1
7753,0
7754,0
7759,0
7770,0
7776,0
7777,0
7780,0
7785,0
7790,0
7796,0
7800,1
7801,0
7804,0
7805,1
7817,0
7820,1
7824,0
7825,1
7826,0
7829,1
7830,0
7831,0
7833,0
7836,0
7837,1
7838,1
7839,1
7840,1
7843,1
7849,1
7850,0
7858,1
7859,0
7861,1
7862,1
7867,1
7868,0
7869,0
7870,1
7871,1
7873,1
7877,1
7879,0
7882,0
7887,0
7888,0
7889,0
7890,0
7894,0
7895,1
7904,0
7905,0
7912,0
7914,0
7915,0
7921,0
7923,0
7926,0
7928,1
7929,1
7930,1
7932,1
7935,1
7937,1
7939,1
7942,0
7943,1
7947,1
7948,1
7952,1
7956,0
7958,0
7960,1
7971,0
7973,1
7974,0
7978,0
7983,1
7986,1
7988,1
7990,0
7991,1
7992,1
7994,0
7995,1
7997,1
7998,1
7999,0
8001,0
8003,1
8006,1
8008,1
8009,1
8012,1
8016,1
8017,1
8019,1
8020,1
8021,1
8022,1
8023,1
8024,1
8025,1
8026,1
8027,1
8028,1
8030,1
8031,1
8033,0
8034,0
8037,0
8038,1
8040,1
8041,1
8044,1
8046,1
8048,0
8049,1
8051,1
8056,1
8061,1
8062,1
8063,1
8064,1
8065,0
8066,0
8067,1
8072,1
8073,0
8078,1
8079,1
8082,0
8086,1
8092,1
8100,0
8101,1
8102,1
8103,0
8104,1
8106,1
8109,1
8110,0
8113,0
8114,0
8115,1
8118,1
8120,1
8121,1
8123,0
8125,1
8129,1
8130,1
8131,1
8134,1
8137,1
8141,1
8149,1
8155,1
8156,0
8159,1
8161,1
8162,1
8164,0
8168,1
8172,0
8175,0
8178,0
8184,1
8187,1
8190,0
8191,1
8192,1
8194,1
8203,0
8209,0
8219,0
8221,0
8222,0
8224,0
8225,1
8227,1
8234,1
8235,0
8236,0
8239,1
8240,1
8246,0
8248,0
8249,0
8250,0
8251,1
8255,0
8256,0
8257,1
8261,0
8264,0
8266,0
8268,1
8271,1
8272,1
8273,0
8276,0
8277,0
8280,1
8281,1
8284,0
8288,1
8300,1
8307,0
8308,0
8310,1
8316,0
8318,0
8323,0
8325,1
8334,0
8335,1
8336,1
8338,0
8341,0
8342,0
8343,1
8344,1
8346,0
8349,0
8350,0
8355,1
8357,0
8360,0
8362,0
8364,0
8366,0
8370,1
8372,0
8373,0
8377,1
8380,0
8385,0
8387,0
8388,1
8389,0
8393,1
8396,1
8397,1
8399,1
8400,1
8402,1
8405,0
8407,1
8415,1
8416,0
8421,0
8428,0
8429,0
8435,1
8436,0
8438,0
8440,0
8443,1
8444,0
8448,0
8449,0
8451,0
8462,0
8463,0
8464,1
8465,0
8472,0
8474,0
8475,0
8477,0
8480,0
8481,0
8482,0
8484,1
8489,0
8490,1
8492,0
8493,0
8494,0
8496,0
8497,0
8498,0
8502,0
8504,1
8512,0
8514,0
8515,0
8516,0
8517,0
8519,0
8523,0
8524,0
8525,0
8527,0
8528,1
8531,0
8538,0
8542,0
8543,0
8548,0
8550,0
8554,0
8557,0
8559,1
8561,1
8564,1
8567,0
8570,0
8571,0
8573,1
8576,0
8578,1
8580,0
8581,0
8585,1
8588,0
8589,0
8591,0
8596,0
8598,0
8600,0
8608,0
8610,0
8611,0
8612,0
8613,1
8616,1
8617,0
8621,0
8622,0
8623,1
8629,0
8631,0
8632,0
8641,0
8643,0
8653,0
8654,1
8655,0
8657,1
8658,0
8661,0
8664,0
8670,1
8672,0
8674,0
8676,0
8677,0
8678,0
8680,1
8683,0
8685,1
8688,0
8691,0
8692,0
8698,0
8700,0
8702,0
8704,0
8707,0
8709,0
8711,0
8716,0
8717,0
8727,1
8731,0
8733,1
8736,1
8739,1
8742,0
8743,0
8746,0
8748,0
8749,0
8750,0
8751,0
8752,0
8754,0
8756,1
8757,0
8758,1
8760,1
8761,1
8762,0
8764,1
8767,1
8768,1
8771,0
8774,0
8775,0
8776,0
8777,1
8778,0
8782,0
8785,1
8788,0
8791,0
8793,1
8795,0
8797,1
8800,0
8802,0
8803,1
8805,1
8808,0
8813,0
8820,0
8821,1
8825,1
8827,0
8829,0
8830,1
8834,0
8842,1
8844,1
8845,1
8848,1
8849,1
8850,1
8854,0
8855,1
8857,1
8858,1
8860,1
8867,1
8868,1
8869,0
8871,0
8873,0
8875,0
8876,0
8877,0
8879,0
8880,1
8885,1
8887,0
8895,1
8904,0
8905,1
8910,1
8914,0
8920,1
8922,0
8925,1
8932,1
8936,1
8944,0
8945,1
8947,1
8948,1
8949,0
8951,1
8952,1
8953,1
8954,1
8955,0
8957,0
8960,0
8961,0
8962,0
8963,0
8965,0
8967,1
8968,0
8969,0
8970,0
8975,0
8985,0
8988,0
8990,1
8991,0
8992,0
8993,0
8994,0
8998,1
9001,1
9002,0
9004,1
9007,1
9010,1
9012,1
9015,1
9017,1
9018,1
9024,0
9025,1
9026,1
9027,1
9029,1
9031,0
9035,1
9036,1
9037,1
9039,1
9040,0
9041,0
9043,1
9044,0
9045,1
9047,0
9049,1
9050,1
9056,1
9059,1
9063,1
9065,1
9067,1
9070,0
9071,1
9072,1
9077,1
9079,1
9081,1
9082,1
9083,0
9085,0
9087,1
9088,0
9089,1
9090,1
9092,0
9095,1
9098,1
9100,1
9101,1
9103,1
9108,1
9113,0
9116,1
9122,1
9124,0
9126,1
9128,1
9130,1
9131,0
9136,1
9138,0
9139,0
9140,0
9161,1
9165,1
9166,1
9169,1
9170,1
9172,1
9173,0
9174,1
9175,0
9177,1
9181,0
9186,0
9189,0
9200,1
9201,1
9203,1
9206,0
9207,1
9210,1
9212,1
9214,1
9217,1
9219,1
9223,1
9228,1
9229,1
9232,0
9234,1
9235,0
9238,1
9241,1
9244,1
9251,1
9259,1
9260,1
9261,0
9262,1
9263,1
9265,1
9266,1
9267,1
9270,0
9271,1
9273,1
9275,0
9278,1
9283,0
9287,1
9288,1
9291,1
9298,1
9299,1
9302,1
9304,1
9305,1
9306,1
9311,0
9312,1
9315,0
9316,1
9317,1
9319,1
9323,1
9326,0
9333,0
9334,1
9335,0
9338,1
9339,1
9340,1
9341,1
9343,1
9344,1
9345,1
9346,1
9349,0
9353,0
9354,0
9359,0
9362,0
9364,0
9365,1
9369,1
9372,1
9374,0
9375,1
9381,1
9385,1
9387,1
9388,1
9391,1
9392,1
9394,1
9395,0
9396,1
9398,1
9402,1
9403,1
9405,1
9406,0
9407,1
9413,1
9414,1
9415,1
9419,1
9422,1
9423,1
9426,1
9429,1
9430,1
9433,1
9435,1
9436,1
9443,0
9445,1
9446,1
9451,1
9452,1
9454,0
9455,1
9458,1
9459,0
9462,1
9464,0
9467,1
9473,1
9477,0
9478,1
9479,0
9481,1
9488,0
9489,1
9496,1
9498,0
9499,1
9503,1
9507,0
9511,1
9512,1
9514,1
9515,1
9516,1
9517,1
9518,1
9519,1
9522,0
9523,1
9529,1
9532,1
9533,1
9535,1
9536,1
9538,1
9540,1
9541,0
9542,1
9545,1
9548,1
9549,1
9552,1
9559,1
9560,1
9561,1
9564,1
9565,1
9566,0
9568,1
9572,0
9575,1
9578,1
9581,0
9582,0
9591,1
9592,0
9594,1
9596,0
9598,1
9599,0
9601,0
9602,0
9611,0
9612,0
9613,1
9617,0
9620,0
9623,1
9624,1
9625,0
9627,0
9632,1
9636,0
9642,1
9648,1
9649,0
9651,1
9656,0
9657,0
9661,1
9663,1
9664,0
9665,1
9666,1
9667,1
9669,0
9670,1
9680,1
9688,0
9690,1
9691,0
9692,1
9697,1
9698,0
9703,1
9705,0
9706,1
9712,1
9714,0
9717,1
9719,0
9722,1
9726,1
9732,0
9733,1
9734,0
9738,0
9739,0
9740,0
9744,1
9745,1
9746,1
9748,0
9749,1
9751,1
9753,1
9755,1
9757,0
9758,0
9759,1
9760,0
9761,0
9763,1
9764,1
9766,1
9768,1
9770,0
9772,1
9773,0
9777,1
9779,0
9781,0
9785,0
9786,0
9788,0
9790,0
9794,0
9795,1
9797,1
9799,1
9802,1
9803,1
9805,0
9811,0
9814,0
9815,0
9817,1
9820,0
9822,1
9824,1
9829,1
9830,1
9835,0
9842,0
9844,0
9850,0
9856,1
9858,0
9859,0
9860,1
9862,0
9868,0
9869,1
9877,1
9878,0
9879,1
9880,0
9883,0
9885,1
9889,0
9893,0
9896,0
9897,1
9898,1
9899,0
9900,0
9903,0
9906,1
9908,1
9909,1
9910,1
9911,1
9912,1
9913,1
9918,0
9919,1
9925,0
9927,1
9928,0
9929,0
9930,0
9932,1
9933,0
9939,0
9942,0
9948,1
9949,0
9952,1
9954,0
9955,1
9958,1
9962,0
9963,1
9964,1
9965,0
9974,0
9977,1
9978,1
9981,0
9983,0
9992,0
9993,0
9994,1
9995,1
10001,0
10003,0
10004,0
10010,1
10012,1
10016,1
10018,1
10022,0
10028,1
10032,0
10034,0
10035,1
10039,1
10042,0
10044,0
10048,1
10054,1
10055,0
10056,0
10057,0
10058,0
10059,1
10069,1
10073,0
10074,1
10075,0
10078,0
10081,0
10082,0
10087,0
10089,0
10090,0
10091,0
10094,1
10096,1
10098,0
10100,0
10102,1
10103,0
10105,0
10106,0
10107,0
10109,0
10110,0
10111,0
10114,0
10117,0
10118,1
10122,0
10125,0
10126,0
10127,0
10129,0
10138,0
10139,1
10140,0
10145,1
10153,1
10155,0
10162,1
10164,1
10167,0
10171,0
10174,1
10179,1
10180,1
10182,1
10184,1
10185,1
10186,1
10188,1
10189,1
10193,1
10198,1
10199,1
10200,0
10203,1
10204,0
10205,0
10208,0
10209,1
10210,1
10211,1
10213,1
10217,1
10218,1
10219,1
10220,1
10223,1
10226,1
10230,1
10238,1
10240,1
10241,1
10243,1
10244,0
10247,1
10248,1
10249,0
10251,0
10252,0
10253,1
10255,0
10257,1
10259,0
10264,1
10268,0
10270,1
10278,0
10280,0
10283,0
10285,0
10289,1
10290,0
10293,0
10302,1
10304,1
10306,0
10312,0
10314,1
10317,1
10319,1
10320,1
10322,0
10328,1
10329,0
10331,1
10332,0
10335,1
10336,1
10340,0
10343,0
10344,0
10349,0
10350,1
10352,0
10355,0
10361,0
10362,1
10363,0
10364,0
10365,0
10369,1
10375,0
10377,0
10381,0
10382,0
10384,0
10385,0
10386,1
10387,1
10389,1
10390,1
10395,0
10396,1
10397,1
10398,0
10399,0
10400,1
10402,0
10407,0
10408,0
10410,1
10413,0
10415,0
10418,1
10421,1
10423,1
10426,0
10427,0
10430,1
10431,1
10432,0
10433,0
10437,0
10439,0
10441,0
10443,1
10444,0
10446,0
10447,0
10449,0
10452,1
10453,1
10455,1
10459,0
10460,0
10461,0
10464,0
10466,0
10469,0
10470,0
10472,0
10473,1
10474,1
10476,1
10477,0
10478,1
10479,0
10487,0
10488,0
10491,0
10493,0
10494,1
10497,0
10498,0
10499,0
10502,1
10503,1
10504,1
10507,1
10508,0
10513,1
10517,0
10519,0
10522,1
10523,0
10524,0
10525,1
10531,0
10533,0
10534,1
10539,1
10542,0
10544,0
10545,0
10546,0
10548,0
10549,0
10553,0
10554,0
10562,0
10563,0
10564,0
10565,1
10566,1
10570,0
10571,0
10572,1
10573,0
10576,0
10577,1
10578,0
10579,1
10581,1
10583,0
10588,0
10590,1
10594,1
10596,1
10598,1
10599,1
10601,1
10604,0
10605,1
10606,0
10607,0
10611,1
10614,0
10617,0
10621,0
10622,1
10625,1
10626,1
10629,1
10631,1
10634,0
10636,0
10637,1
10641,1
10642,1
10646,0
10647,0
10652,1
10654,0
10655,0
10657,0
10662,1
10663,1
10664,1
10666,1
10667,0
10668,0
10671,1
10672,0
10677,0
10685,1
10687,1
10690,0
10698,0
10704,0
10706,1
10707,1
10709,1
10710,1
10712,1
10713,0
10719,1
10720,1
10726,0
10729,0
10730,0
10733,0
10738,0
10739,0
10740,0
10741,0
10744,1
10749,0
10752,0
10757,0
10763,0
10770,0
10771,1
10775,0
10776,1
10777,1
10778,0
10784,0
10785,0
10791,0
10795,0
10797,1
10798,1
10800,0
10801,0
10802,1
10804,1
10806,0
10807,0
10808,1
10809,0
10810,0
10812,1
10813,0
10821,0
10822,1
10823,1
10827,0
10829,0
10832,1
10842,1
10843,1
10845,0
10847,0
10850,0
10853,1
10855,0
10856,0
10858,1
10861,0
10864,0
10868,0
10872,1
10873,0
10874,1
10876,0
10880,0
10885,1
10888,0
10893,1
10899,0
10902,0
10905,1
10906,0
10908,1
10910,0
10911,0
10912,1
10914,0
10918,0
10920,0
10926,0
10933,0
10936,0
10941,0
10943,1
10948,1
10951,1
10953,1
10960,1
10963,0
10964,1
10969,0
10971,1
10972,1
10975,1
10978,0
10988,1
10992,1
10993,1
10995,0
10996,1
10997,0
10998,1
10999,0
11001,0
11002,0
11006,1
11007,0
11009,1
11011,0
11013,0
11014,1
11017,1
11019,1
11026,1
11027,1
11028,0
11030,0
11033,0
11036,0
11038,1
11040,0
11042,1
11043,0
11045,1
11046,1
11047,1
11048,0
11049,1
11050,1
11052,1
11053,0
11060,0
11062,1
11064,1
11069,0
11070,0
11075,1
11081,1
11084,1
11088,1
11091,1
11093,0
11095,1
11096,1
11099,1
11100,1
11105,1
11107,0
11109,0
11110,1
11117,0
11122,1
11124,0
11129,0
11134,0
11137,0
11139,1
11141,0
11143,1
11144,1
11146,1
11147,0
11151,0
11155,0
11157,0
11160,0
11161,0
11162,0
11166,1
11167,1
11168,0
11169,0
11171,0
11172,0
11176,0
11177,0
11179,0
11183,1
11187,0
11188,0
11189,0
11192,0
11194,0
11196,1
11199,0
11202,1
11205,1
11208,1
11209,1
11213,1
11214,1
11216,0
11228,1
11232,0
11234,0
11236,1
11237,1
11238,1
11239,1
11242,1
11243,0
11244,0
11246,1
11251,1
11255,0
11257,1
11258,1
11260,1
11268,1
11272,0
11273,0
11274,0
11278,1
11280,0
11281,0
11282,1
11286,0
11288,0
11291,0
11293,1
11294,1
11297,1
11300,1
11301,1
11302,1
11303,1
11304,0
11308,0
11309,0
11310,0
11312,1
11314,1
11316,0
11317,1
11318,1
11319,0
11321,0
11323,0
11324,1
11328,1
11329,1
11332,1
11333,1
11334,1
11335,1
11336,1
11338,0
11347,1
11349,1
11354,0
11355,1
11357,1
11358,1
11359,0
11363,1
11364,1
11365,1
11366,1
11368,1
11373,0
11376,0
11379,0
11380,1
11384,1
11386,0
11387,0
11388,1
11392,0
11395,0
11402,1
11403,1
11407,0
11411,1
11416,0
11420,0
11421,0
11422,0
11423,0
11424,1
11425,1
11426,0
11427,1
11431,1
11435,1
11436,0
11438,1
11439,1
11440,0
11443,0
11446,1
11455,0
11456,1
11459,1
11461,1
11464,1
11465,0
11466,1
11467,0
11468,1
11470,1
11472,0
11473,0
11475,1
11476,1
11478,0
11479,1
11482,1
11483,1
11484,1
11485,1
11490,0
11491,1
11494,0
11498,0
11499,1
11500,0
11503,1
11508,1
11512,0
11515,0
11521,0
11522,1
11523,0
11527,1
11533,1
11534,1
11535,1
11537,0
11538,1
11539,1
11541,0
11544,1
11545,0
11546,0
11547,0
11554,0
11556,0
11557,1
11558,0
11563,1
11565,0
11566,0
11568,0
11569,1
11571,0
11572,0
11573,0
11574,1
11580,0
11582,0
11584,0
11587,1
11591,1
11595,0
11599,1
11603,0
11606,1
11609,0
11613,0
11614,1
11615,0
11618,1
11620,1
11623,1
11627,1
11628,0
11637,0
11642,0
11643,0
11644,1
11645,0
11646,1
11647,1
11650,0
11652,1
11654,1
11656,1
11657,0
11659,0
11664,1
11667,1
11668,1
11672,0
11673,1
11675,1
11678,0
11681,0
11683,1
11685,0
11686,1
11687,0
11688,1
11689,0
11692,1
11697,1
11700,1
11703,1
11705,1
11708,1
11711,1
11712,1
11716,1
11717,1
11718,1
11719,1
11722,1
11724,0
11725,0
11727,1
11728,0
11730,0
11731,0
11738,0
11739,0
11740,1
11742,0
11743,0
11745,1
11749,1
11750,0
11751,0
11753,0
11756,1
11764,1
11765,0
11767,1
11768,1
11772,0
11775,0
11780,1
11785,0
11788,1
11797,0
11803,1
11804,0
11808,0
11817,0
11818,0
11823,1
11824,1
11829,0
11832,1
11834,1
11836,1
11837,0
11838,1
11839,1
11842,0
11846,0
11849,0
11850,1
11852,0
11858,0
11860,1
11861,0
11862,1
11864,0
11865,1
11866,0
11867,0
11868,1
11871,1
11874,1
11876,0
11879,0
11881,0
11882,1
11885,1
11886,0
11887,1
11888,0
11889,1
11890,0
11894,0
11897,0
11900,0
11901,0
11902,1
11905,0
11909,0
11914,1
11915,0
11916,0
11920,1
11921,0
11922,0
11923,0
11924,1
11925,0
11927,0
11929,0
11930,0
11931,0
11932,1
11934,0
11935,1
11939,0
11940,1
11942,0
11943,1
11944,0
11946,0
11949,0
11951,1
11954,0
11958,1
11963,0
11964,0
11971,0
11973,0
11974,0
11978,0
11980,0
11981,0
11984,1
11986,0
11988,1
11989,1
11993,0
11994,0
11995,0
11997,0
11998,0
12000,0
12001,0
12002,1
12005,1
12009,0
12011,0
12012,0
12014,1
12017,0
12018,0
12019,0
12021,1
12022,1
12030,0
12033,0
12036,0
12038,1
12042,1
12043,0
12044,0
12047,1
12049,1
12055,0
12056,0
12060,0
12061,1
12066,0
12067,0
12070,1
12071,0
12073,0
12074,0
12075,1
12077,1
12079,0
12080,1
12082,0
12083,0
12087,0
12089,1
12092,0
12100,0
12101,0
12105,0
12109,0
12113,0
12117,0
12118,0
12119,0
12121,0
12124,1
12128,0
12129,0
12134,0
12136,0
12137,0
12139,0
12144,0
12145,1
12146,0
12147,0
12152,1
12153,0
12156,0
12157,0
12158,1
12159,1
12160,0
12166,1
12167,1
12171,1
12172,0
12175,0
12180,0
12182,1
12183,0
12189,0
12192,1
12194,0
12200,1
12203,1
12207,0
12211,1
12213,1
12218,1
12221,1
12223,0
12224,0
12229,1
12233,1
12235,1
12237,0
12238,0
12239,1
12240,0
12241,1
12242,0
12246,1
12247,0
12249,1
12251,1
12252,1
12253,1
12255,1
12256,0
12258,0
12259,0
12263,0
12265,0
12267,0
12268,1
12270,1
12271,1
12272,1
12273,0
12274,0
12275,0
12276,0
12279,1
12280,1
12283,0
12284,1
12285,0
12286,0
12287,0
12292,1
12293,1
12296,0
12298,1
12302,0
12303,0
12304,1
12306,0
12307,1
12308,1
12314,0
12316,0
12317,0
12320,0
12321,0
12325,1
12330,0
12331,0
12334,1
12338,1
12342,1
12343,1
12348,1
12351,1
12352,1
12353,1
12356,1
12359,1
12362,0
12363,0
12364,0
12369,1
12372,1
12375,0
12378,0
12379,0
12380,1
12381,0
12385,0
12386,1
12392,0
12393,1
12397,0
12400,0
12401,0
12402,0
12403,0
12405,0
12406,0
12408,0
12413,0
12414,1
12418,1
12422,1
12433,0
12435,1
12436,1
12437,1
12445,1
12448,1
12451,1
12452,1
12453,1
12454,1
12457,1
12458,1
12460,1
12461,1
12466,1
12467,1
12469,1
12470,0
12471,1
12474,1
12477,0
12479,1
12486,1
12492,1
12494,1
12495,1
12497,1
12500,0
12503,1
12504,0
12508,1
12509,1
12512,1
12515,1
12520,1
12524,1
12526,1
12528,1
12529,1
12531,0
12533,1
12534,1
12536,1
12537,1
12538,1
12539,1
12540,1
12544,1
12545,1
12548,0
12550,1
12551,1
12555,1
12558,0
12559,1
12563,1
12569,1
12572,1
12574,0
12580,1
12581,1
12582,1
12584,1
12588,0
12594,0
12595,1
12597,1
12599,1
12600,0
12601,0
12604,1
12608,1
12610,1
12614,0
12617,0
12618,1
12624,0
12625,1
12630,1
12631,0
12634,1
12637,1
12642,1
12652,0
12653,1
12656,0
12658,0
12661,0
12668,0
12672,0
12673,1
12675,1
12676,1
12677,1
12678,0
12682,0
12684,1
12685,1
12688,0
12692,0
12700,0
12701,0
12706,0
12710,1
12711,0
12717,0
12718,0
12726,0
12728,0
12730,0
12733,0
12737,0
12738,0
12742,0
12745,0
12747,1
12748,1
12749,0
12750,0
12752,0
12760,0
12761,0
12770,0
12772,1
12774,0
12780,0
12783,0
12785,0
12786,0
12787,0
12790,0
12791,1
12794,0
12800,1
12801,0
12802,0
12803,0
12806,1
12807,0
12808,0
12810,0
12814,0
12816,0
12823,0
12824,1
12826,0
12827,0
12829,0
12832,0
12833,0
12834,1
12836,0
12837,0
12841,0
12845,0
12847,0
12850,0
12852,0
12853,1
12854,1
12855,0
12856,1
12857,0
12858,0
12861,0
12862,0
12864,1
12865,0
12867,0
12868,0
12869,0
12871,1
12873,1
12876,0
12879,0
12883,0
12886,0
12890,0
12895,0
12896,1
12900,0
12902,0
12903,0
12904,0
12910,0
12911,0
12921,0
12924,1
12928,0
12932,1
12933,0
12936,1
12938,1
12940,1
12941,1
12942,1
12943,1
12945,1
12950,1
12952,1
12955,1
12959,1
12960,1
12962,0
12963,1
12964,1
12965,0
12973,1
12976,1
12979,1
12981,0
12988,0
12996,1
13002,1
13003,0
13007,0
13009,0
13016,1
13017,1
13022,1
13024,0
13026,0
13030,0
13031,0
13035,0
13041,0
13042,0
13044,0
13047,0
13048,0
13049,0
13050,1
13052,0
13054,1
13055,1
13056,0
13065,0
13067,0
13070,0
13072,0
13073,0
13074,0
13078,0
13082,0
13086,0
13087,1
13090,0
13091,0
13092,0
13093,0
13094,0
13097,1
13099,0
13101,1
13102,0
13104,0
13106,0
13108,0
13109,1
13110,1
13112,1
13113,1
13114,0
13120,0
13121,0
13124,0
13125,0
13127,0
13133,0
13134,0
13135,0
13140,1
13142,1
13144,0
13146,1
13150,1
13152,1
13155,0
13156,1
13161,0
13163,1
13165,1
13166,1
13167,1
13169,1
13170,1
13172,1
13173,1
13174,0
13175,1
13178,0
13180,1
13187,0
13190,1
13197,1
13198,1
13200,1
13201,1
13203,1
13204,1
13219,0
13221,0
13222,0
13225,0
13226,1
13229,1
13233,0
13237,0
13240,0
13241,0
13242,0
13243,0
13245,0
13247,0
13254,0
13256,0
13262,0
13263,1
13265,0
13267,1
13268,0
13270,1
13272,0
13273,0
13274,1
13279,1
13286,1
13289,0
13291,1
13295,0
13297,1
13298,0
13300,0
13301,1
13303,0
13305,1
13307,0
13315,0
13318,1
13319,1
13324,1
13328,1
13330,0
13331,0
13333,1
13334,0
13337,0
13340,1
13341,0
13343,0
13346,0
13347,0
13351,1
13353,1
13356,1
13357,1
13360,1
13364,1
13369,1
13370,1
13371,1
13372,1
13373,0
13376,1
13378,1
13381,1
13383,1
13384,0
13386,1
13390,0
13391,0
13393,1
13395,1
13396,0
13400,0
13408,1
13409,1
13410,0
13414,1
13416,0
13420,0
13421,1
13423,0
13424,0
13426,0
13427,0
13428,1
13430,0
13432,1
13433,0
13434,0
13437,0
13438,1
13439,0
13440,1
13441,0
13443,1
13445,0
13447,0
13448,0
13450,0
13454,0
13465,0
13468,0
13471,1
13474,0
13475,1
13477,0
13478,1
13479,0
13482,0
13483,1
13485,0
13486,1
13490,1
13497,1
13500,0
13504,1
13507,1
13508,0
13509,1
13512,0
13513,1
13514,0
13515,1
13518,1
13519,1
13520,1
13526,1
13527,1
13533,0
13536,1
13538,0
13541,1
13543,1
13549,1
13550,1
13551,0
13552,0
13553,0
13555,1
13559,1
13560,1
13562,1
13567,0
13572,1
13578,1
13581,0
13582,1
13585,0
13586,1
13591,1
13595,0
13597,1
13599,1
13602,1
13603,1
13609,1
13610,1
13613,1
13614,1
13618,1
13619,1
13621,0
13625,1
13627,1
13628,1
13630,1
13633,1
13636,0
13637,1
13638,1
13640,0
13648,0
13650,0
13652,1
13656,1
13661,1
13663,0
13665,0
13667,0
13668,1
13671,0
13672,0
13678,1
13683,0
13684,0
13685,1
13686,1
13687,1
13691,1
13696,1
13697,1
13698,0
13699,1
13700,0
13703,1
13705,0
13707,0
13708,1
13710,1
13711,1
13713,1
13715,1
13721,0
13724,1
13730,0
13735,1
13737,0
13739,1
13740,1
13744,0
13747,1
13748,1
13750,1
13751,1
13755,1
13756,1
13758,1
13759,1
13764,1
13766,1
13767,0
13773,1
13775,1
13778,0
13779,1
13785,0
13789,1
13791,0
13792,1
13794,1
13797,1
13798,0
13802,1
13810,1
13811,0
13816,1
13820,0
13821,0
13822,1
13823,1
13824,1
13827,1
13828,1
13830,1
13831,1
13833,1
13835,1
13836,1
13838,1
13839,1
13841,1
13846,0
13847,1
13849,0
13851,1
13852,0
13853,1
13858,1
13862,1
13864,1
13871,1
13872,1
13876,0
13878,1
13881,1
13883,1
13884,0
13890,1
13891,1
13892,1
13893,0
13894,1
13897,1
13902,1
13911,1
13913,1
13914,1
13916,1
13920,0
13924,0
13926,0
13927,0
13928,1
13931,1
13935,0
13937,1
13938,0
13942,0
13943,1
13944,0
13945,1
13947,1
13956,1
13958,1
13959,1
13960,0
13969,1
13974,0
13975,1
13978,0
13980,0
13987,1
13988,1
13989,0
13990,1
13993,1
13997,1
14001,0
14002,1
14004,1
14005,1
14006,1
14010,0
14017,1
14018,0
14025,1
14027,1
14028,1
14033,1
14036,1
14037,1
14039,1
14044,1
14048,1
14049,0
14052,1
14053,1
14054,1
14059,1
14060,0
14062,1
14063,0
14065,0
14066,1
14068,0
14069,1
14070,0
14075,1
14077,0
14082,1
14083,0
14084,1
14086,1
14087,1
14090,1
14093,1
14094,1
14096,1
14099,1
14104,0
14105,1
14106,1
14112,1
14115,0
14119,1
14121,0
14122,0
14123,1
14125,1
14126,1
14127,1
14129,0
14131,0
14134,1
14135,0
14143,1
14144,0
14147,1
14153,1
14161,0
14165,1
14168,0
14169,1
14170,0
14172,0
14173,0
14175,1
14177,1
14180,0
14181,1
14185,1
14188,1
14190,1
14193,1
14196,1
14198,1
14201,0
14204,0
14205,0
14207,0
14208,1
14209,0
14210,0
14213,0
14214,0
14216,0
14217,0
14219,0
14220,1
14222,0
14223,0
14224,0
14225,1
14228,0
14230,0
14233,0
14237,0
14240,1
14244,0
14247,1
14250,0
14251,0
14252,1
14254,0
14258,1
14262,1
14266,0
14267,1
14270,0
14272,0
14274,1
14281,1
14294,0
14297,0
14299,1
14300,0
14303,0
14306,1
14309,0
14313,1
14319,0
14322,0
14324,0
14330,1
14331,0
14333,1
14334,1
14336,1
14338,0
14339,0
14343,1
14344,0
14345,0
14348,1
14350,0
14354,0
14355,1
14356,1
14359,1
14360,0
14361,0
14363,1
14365,1
14367,0
14372,1
14376,1
14377,1
14378,0
14379,0
14380,0
14381,1
14385,1
14388,0
14389,0
14390,0
14391,1
14392,1
14395,1
14397,0
14398,1
14400,1
14402,0
14403,1
14409,1
14410,1
14412,1
14414,1
14417,1
14419,1
14420,1
14422,1
14424,1
14426,1
14427,1
14428,0
14429,1
14433,0
14435,1
14436,0
14439,0
14440,0
14445,0
14447,1
14450,0
14453,1
14455,1
14456,1
14460,0
14462,0
14467,0
14468,0
14472,1
14473,1
14474,1
14475,0
14477,1
14480,0
14482,0
14485,1
14486,1
14487,0
14489,0
14491,0
14493,0
14497,1
14498,1
14507,0
14510,1
14511,0
14514,0
14517,1
14518,0
14528,0
14531,1
14532,1
14535,0
14536,1
14537,1
14540,1
14542,0
14544,1
14545,1
14546,1
14547,1
14548,1
14551,0
14552,1
14553,1
14554,0
14555,1
14557,1
14558,1
14560,1
14562,1
14569,0
14570,0
14571,0
14575,1
14578,1
14579,1
14580,1
14583,1
14585,0
14587,1
14588,1
14593,1
14595,1
14596,0
14599,1
14609,0
14610,0
14613,0
14616,0
14620,1
14622,0
14624,1
14625,1
14626,1
14627,0
14634,1
14638,1
14641,1
14647,1
14649,1
14653,0
14654,0
14655,0
14657,1
14658,0
14660,0
14661,1
14663,0
14665,1
14667,0
14668,0
14670,0
14671,1
14672,1
14673,0
14674,1
14679,0
14682,0
14685,0
14687,0
14688,0
14689,0
14691,0
14693,0
14696,0
14697,0
14698,0
14700,0
14701,0
14704,0
14705,0
14706,0
14708,0
14709,0
14716,1
14717,0
14720,0
14721,0
14722,1
14723,0
14724,1
14727,1
14729,0
14731,1
14733,0
14734,1
14737,0
14738,0
14739,0
14741,0
14744,0
14745,0
14746,0
14755,0
14756,0
14757,0
14760,0
14761,0
14765,1
14768,0
14772,0
14776,0
14778,0
14780,1
14781,0
14782,0
14786,1
14787,1
14788,0
14789,0
14790,1
14791,1
14793,0
14794,1
14795,1
14797,0
14798,1
14803,1
14804,1
14816,1
14819,1
14823,1
14826,1
14827,1
14828,1
14829,0
14831,1
14832,1
14833,1
14837,0
14839,0
14842,0
14844,1
14845,1
14847,1
14852,1
14856,1
14860,1
14862,1
14864,1
14865,0
14866,0
14867,1
14868,1
14869,0
14871,1
14872,1
14878,0
14880,1
14881,1
14892,0
14898,1
14899,0
14900,1
14905,0
14906,0
14907,1
14911,1
14912,1
14913,1
14916,0
14918,0
14919,0
14920,0
14923,1
14930,0
14935,0
14936,0
14938,1
14942,0
14944,0
14946,0
14948,0
14950,0
14953,0
14960,0
14962,0
14964,0
14967,0
14971,0
14973,0
14974,0
14977,0
14979,1
14980,0
14981,1
14983,0
14987,0
14993,1
14994,0
14995,1
14999,0
15002,0
15006,0
15016,1
15018,0
15021,0
15022,1
15023,0
15025,1
15026,0
15027,0
15031,0
15035,0
15039,0
15041,0
15042,0
15044,0
15046,1
15047,0
15049,0
15053,0
15055,0
15056,0
15058,0
15066,0
15067,0
15068,0
15071,1
15072,0
15074,0
15075,0
15076,1
15077,1
15082,0
15083,1
15084,0
15087,0
15088,0
15089,0
15091,0
15095,0
15096,1
15098,0
15099,1
15106,0
15109,0
15110,1
15112,1
15116,1
15117,0
15120,1
15122,1
15123,0
15125,0
15134,0
15137,1
15138,1
15139,0
15141,1
15148,0
15149,0
15151,1
15152,1
15159,0
15160,0
15162,1
15164,1
15165,1
15166,1
15168,1
15175,0
15178,1
15179,0
15185,0
15187,0
15191,0
15196,0
15197,1
15199,1
15203,0
15204,0
15205,0
15207,0
15210,1
15212,1
15215,0
15220,0
15222,0
15229,1
15233,1
15237,1
15238,0
15240,0
15244,1
15248,0
15250,1
15252,0
15253,1
15256,0
15259,0
15264,0
15265,1
15267,0
15268,1
15269,0
15270,1
15271,0
15272,0
15273,1
15274,1
15275,0
15278,1
15279,1
15281,1
15287,0
15289,1
15290,0
15292,1
15300,1
15301,1
15303,0
15305,1
15308,1
15310,1
15313,0
15314,0
15315,1
15316,0
15319,0
15321,1
15323,0
15324,1
15325,1
15327,0
15329,0
15332,1
15334,1
15335,0
15336,1
15337,1
15342,1
15343,0
15348,0
15352,1
15356,1
15357,1
15366,1
15367,0
15369,0
15370,0
15375,0
15377,0
15379,1
15380,1
15383,0
15384,1
15396,0
15397,1
15399,1
15400,0
15404,1
15405,1
15406,0
15409,1
15417,0
15418,0
15421,1
15423,0
15425,1
15432,1
15433,1
15434,1
15435,1
15438,1
15440,1
15443,1
15444,1
15447,1
15448,0
15456,1
15458,0
15459,1
15462,0
15469,0
15475,0
15477,0
15482,0
15485,1
15487,0
15488,1
15489,1
15490,0
15492,1
15494,1
15496,0
15499,0
15500,1
15501,1
15503,1
15505,0
15506,1
15507,1
15509,0
15510,0
15514,1
15528,0
15530,1
15531,0
15533,0
15534,1
15535,1
15536,0
15537,1
15538,0
15539,1
15541,0
15542,0
15547,0
15551,1
15553,0
15561,0
15562,0
15565,1
15568,0
15569,0
15571,0
15580,1
15583,1
15585,0
15586,0
15587,0
15589,0
15591,0
15593,1
15595,0
15596,1
15598,1
15599,1
15600,1
15602,0
15603,0
15604,0
15606,0
15612,1
15615,0
15618,0
15619,0
15623,0
15624,0
15625,1
15628,1
15629,0
15630,0
15633,0
15639,1
15641,1
15645,1
15647,1
15651,0
15652,1
15656,1
15657,1
15658,1
15662,1
15663,1
15665,0
15666,1
15667,0
15673,0
15674,1
15677,1
15678,1
15679,1
15680,0
15683,1
15685,0
15687,1
15691,1
15695,0
15700,0
15701,1
15703,1
15706,0
15708,1
15713,1
15715,0
15717,1
15718,1
15721,0
15722,0
15728,0
15731,0
15732,1
15733,1
15737,1
15740,0
15742,0
15744,1
15748,0
15753,0
15755,0
15761,1
15763,0
15768,0
15770,0
15771,0
15774,0
15779,1
15784,1
15785,1
15786,1
15790,1
15793,0
15794,1
15795,0
15797,1
15799,0
15802,0
15803,0
15804,0
15806,0
15807,0
15808,0
15809,1
15810,1
15812,1
15813,0
15815,0
15817,0
15820,1
15825,1
15826,0
15829,1
15830,1
15836,0
15838,1
15840,1
15842,1
15844,1
15845,0
15849,1
15852,1
15855,1
15864,1
15866,1
15870,0
15871,0
15873,1
15874,1
15876,0
15878,0
15879,1
15881,0
15889,1
15891,1
15898,1
15899,0
15901,1
15903,0
15904,0
15905,1
15907,0
15909,1
15910,0
15911,0
15913,0
15914,0
15918,1
15924,0
15928,0
15929,1
15935,1
15937,1
15940,1
15943,1
15949,0
15951,0
15953,0
15954,0
15959,1
15960,0
15961,1
15963,1
15964,0
15970,0
15972,1
15973,0
15974,0
15975,1
15981,0
15982,1
15984,0
15986,0
15989,1
15991,1
15992,1
15997,1
16001,0
16002,1
16003,0
16007,1
16009,0
16014,0
16015,0
16017,1
16020,0
16021,1
16024,0
16027,1
16029,0
16032,1
16033,1
16034,0
16038,0
16041,0
16042,1
16043,1
16045,0
16049,0
16051,0
16053,0
16057,0
16059,0
16060,1
16061,1
16065,0
16067,0
16071,1
16072,0
16074,0
16075,0
16076,0
16077,0
16078,0
16084,0
16087,0
16089,0
16091,1
16092,0
16096,1
16097,1
16098,1
16099,1
16100,0
16101,0
16105,1
16108,0
16109,0
16110,0
16112,0
16118,1
16122,0
16124,0
16129,0
16131,0
16132,0
16137,0
16139,0
16140,0
16146,1
16149,0
16151,0
16152,0
16154,0
16155,0
16156,0
16161,0
16162,0
16163,0
16164,1
16165,1
16171,1
16175,0
16178,0
16180,0
16181,0
16184,0
16185,0
16186,1
16187,0
16188,0
16192,0
16193,1
16194,0
16196,1
16203,0
16204,0
16206,0
16207,0
16208,0
16211,1
16212,0
16213,1
16214,0
16216,0
16218,1
16219,0
16227,0
16228,0
16236,0
16238,0
16239,0
16243,0
16244,0
16245,0
16247,0
16248,0
16251,0
16254,1
16263,0
16264,0
16265,0
16269,1
16272,0
16274,1
16277,0
16278,0
16283,0
16286,0
16288,0
16290,1
16291,0
16292,0
16293,1
16296,0
16298,1
16299,1
16300,1
16303,0
16305,1
16307,0
16310,0
16311,1
16312,1
16313,0
16321,0
16323,1
16327,0
16330,1
16332,0
16333,1
16338,1
16339,0
16341,0
16344,0
16351,0
16357,0
16358,0
16366,0
16368,1
16370,0
16376,1
16378,1
16380,1
16381,0
16383,1
16385,0
16386,0
16389,0
16391,0
16392,0
16393,0
16402,0
16403,0
16405,0
16406,1
16407,1
16411,1
16413,0
16415,1
16420,0
16421,0
16426,1
16430,0
16434,1
16439,0
16440,0
16441,0
16444,1
16445,0
16447,1
16452,0
16454,1
16457,1
16459,1
16463,1
16466,0
16469,1
16476,1
16477,0
16478,1
16479,0
16480,1
16485,0
16492,1
16493,1
16495,1
16496,0
16498,1
16499,1
16502,1
16506,1
16511,1
16514,0
16515,1
16517,0
16518,0
16519,0
16522,0
16523,0
16524,0
16525,0
16526,0
16528,0
16530,0
16535,1
16538,1
16544,0
16545,1
16548,0
16550,1
16551,1
16552,1
16553,1
16554,0
16559,0
16560,1
16564,1
16568,1
16569,1
16573,1
16574,0
16580,1
16582,1
16587,1
16589,1
16591,0
16594,0
16595,1
16597,1
16605,0
16606,0
16609,0
16612,0
16615,0
16617,0
16621,1
16622,1
16627,0
16631,1
16632,0
16633,0
16635,1
16636,1
16637,1
16643,1
16644,0
16645,1
16646,1
16647,1
16648,0
16649,0
16650,0
16654,1
16655,0
16656,0
16658,1
16660,1
16664,1
16665,1
16666,0
16669,0
16672,0
16675,1
16676,1
16686,0
16687,1
16688,0
16689,0
16690,0
16693,1
16696,1
16697,0
16699,1
16702,0
16703,0
16704,0
16706,0
16708,0
16710,1
16711,0
16712,1
16714,0
16715,1
16716,0
16717,0
16719,0
16720,0
16723,1
16725,0
16727,0
16729,1
16730,0
16733,0
16735,0
16737,0
16738,0
16739,0
16746,0
16750,0
16753,0
16754,0
16758,0
16759,0
16762,0
16764,1
16768,0
16770,0
16772,1
16773,0
16774,1
16778,0
16779,0
16783,0
16787,1
16789,0
16791,1
16794,1
16796,1
16805,0
16807,0
16809,0
16810,0
16811,1
16814,0
16815,1
16816,0
16818,1
16819,0
16820,1
16821,1
16824,1
16825,1
16831,1
16833,0
16834,0
16835,0
16840,0
16844,0
16848,0
16851,1
16857,1
16858,0
16860,0
16863,0
16864,0
16865,0
16866,0
16868,0
16870,1
16873,0
16876,1
16878,0
16880,0
16887,0
16888,0
16889,1
16892,1
16895,0
16896,1
16898,0
16899,0
16901,0
16908,0
16909,1
16913,0
16916,1
16919,0
16920,1
16923,1
16924,0
16934,0
16936,0
16939,0
16943,1
16944,1
16945,0
16949,0
16950,0
16952,0
16954,1
16958,0
16963,0
16964,1
16965,1
16966,0
16967,1
16968,0
16970,1
16972,0
16974,0
16975,0
16977,0
16981,0
16982,1
16983,1
16988,0
16990,0
16991,0
16993,1
16995,0
16996,1
16998,0
17000,1
17001,0
17002,0
17003,1
17006,0
17007,0
17008,1
17011,0
17013,0
17014,1
17016,0
17019,0
17029,0
17032,0
17034,1
17035,0
17040,1
17041,0
17046,0
17053,0
17056,0
17057,0
17059,0
17062,0
17066,0
17067,0
17069,0
17071,1
17081,1
17082,0
17086,1
17087,1
17088,0
17090,0
17103,1
17104,0
17108,0
17116,0
17119,0
17120,0
17126,1
17127,1
17129,0
17131,0
17132,0
17133,0
17134,0
17135,0
17138,0
17141,0
17147,0
17148,0
17149,0
17167,1
17169,0
17176,1
17181,0
17182,0
17183,0
17184,0
17186,1
17188,0
17192,0
17194,0
17195,1
17196,0
17197,0
17198,1
17199,0
17201,0
17203,0
17205,1
17206,0
17210,0
17216,0
17217,1
17218,1
17223,1
17224,0
17225,1
17226,1
17227,1
17236,0
17238,0
17239,0
17240,0
17241,0
17243,0
17244,1
17249,1
17252,1
17257,0
17261,0
17266,0
17268,0
17273,0
17276,0
17278,0
17279,0
17280,0
17284,0
17288,0
17290,0
17292,0
17294,0
17295,0
17298,0
17299,0
17303,0
17305,0
17308,0
17311,0
17312,1
17315,0
17317,0
17320,0
17323,0
17325,0
17326,0
17331,0
17332,0
17337,1
17340,0
17347,0
17348,0
17350,0
17354,1
17355,0
17359,0
17360,0
17361,0
17362,0
17365,0
17366,0
17368,0
17371,0
17375,0
17379,0
17383,0
17385,1
17386,0
17387,0
17388,0
17391,0
17392,0
17398,0
17400,0
17405,0
17406,0
17409,0
17414,0
17415,0
17417,0
17418,1
17419,1
17421,1
17424,1
17426,0
17429,1
17431,0
17433,0
17435,0
17439,0
17442,1
17443,0
17445,0
17448,0
17450,0
17452,1
17462,1
17463,1
17465,0
17467,0
17470,1
17471,0
17473,0
17474,0
17476,0
17479,0
17481,1
17484,0
17485,0
17489,0
17493,0
17499,1
17501,0
17502,0
17504,0
17508,0
17512,0
17515,1
17524,0
17528,0
17529,1
17531,0
17533,1
17536,0
17540,1
17548,1
17550,0
17554,0
17558,0
17560,0
17563,0
17564,1
17565,0
17566,1
17568,0
17569,0
17570,0
17571,1
17572,1
17576,0
17577,0
17584,1
17585,0
17586,0
17587,0
17595,0
17598,0
17601,1
17602,0
17603,0
17606,0
17608,1
17612,0
17613,0
17615,0
17618,0
17619,1
17620,1
17621,1
17622,1
17624,0
17625,0
17628,1
17631,1
17632,1
17636,0
17640,1
17643,0
17645,0
17646,1
17649,1
17650,0
17651,1
17654,1
17657,0
17660,1
17663,0
17665,0
17668,0
17671,1
17672,0
17680,0
17681,0
17682,0
17683,0
17686,0
17688,1
17689,1
17690,0
17692,0
17694,0
17695,0
17696,0
17697,0
17698,0
17703,0
17704,0
17705,0
17710,0
17711,0
17712,0
17713,0
17715,0
17717,0
17722,1
17727,1
17728,0
17731,0
17734,0
17735,0
17738,0
17739,1
17741,0
17748,0
17749,0
17750,0
17755,0
17757,1
17759,0
17764,1
17765,0
17766,0
17767,0
17769,1
17773,0
17780,0
17781,0
17786,1
17788,0
17789,0
17791,0
17792,1
17794,0
17800,0
17803,0
17809,0
17812,0
17814,0
17815,0
17816,0
17818,0
17819,1
17824,0
17828,0
17829,0
17830,0
17832,1
17835,0
17837,0
17840,1
17842,0
17846,0
17848,0
17849,0
17851,0
17853,1
17858,1
17863,0
17864,0
17865,0
17868,0
17869,1
17873,0
17876,0
17877,0
17878,1
17890,0
17891,1
17893,0
17895,0
17896,0
17897,0
17900,0
17901,1
17902,0
17904,1
17905,0
17906,1
17907,0
17910,0
17912,0
17915,0
17917,1
17919,0
17920,0
17921,0
17926,1
17927,0
17932,1
17933,1
17934,0
17937,1
17941,0
17944,1
17946,1
17949,0
17951,0
17953,0
17956,0
17958,0
17960,0
17963,1
17965,0
17967,0
17973,0
17979,0
17986,0
17988,0
17989,0
17990,0
17991,0
17994,0
17998,0
18004,0
18008,0
18012,0
18015,1
18016,0
18017,1
18022,0
18023,0
18025,0
18026,0
18027,1
18029,0
18032,0
18033,0
18038,0
18042,0
18043,0
18044,0
18046,0
18047,0
18051,1
18053,0
18059,0
18064,0
18065,1
18070,1
18072,0
18073,0
18074,0
18076,0
18078,0
18079,0
18081,0
18084,0
18085,1
18087,1
18093,1
18098,0
18102,0
18105,0
18112,0
18118,0
18123,0
18127,0
18131,0
18143,1
18145,1
18147,0
18148,0
18149,0
18151,1
18152,1
18155,0
18157,1
18159,0
18160,0
18161,1
18162,0
18167,0
18170,1
18172,0
18175,1
18176,1
18178,1
18183,1
18185,0
18191,1
18192,0
18201,1
18205,0
18206,0
18208,0
18213,1
18214,1
18217,1
18219,1
18220,0
18225,0
18226,0
18229,0
18230,0
18231,1
18234,0
18236,0
18238,0
18239,0
18241,0
18242,0
18250,0
18252,0
18255,0
18256,0
18257,0
18259,0
18263,0
18266,0
18267,0
18270,0
18271,0
18278,0
18283,0
18285,1
18288,0
18291,0
18293,0
18299,0
18301,1
18308,0
18310,0
18311,0
18313,1
18316,1
18317,1
18319,0
18321,0
18323,0
18325,0
18328,0
18329,0
18332,0
18333,0
18337,0
18340,0
18345,0
18349,0
18350,0
18351,1
18353,0
18354,0
18356,0
18358,1
18364,0
18368,1
18370,1
18373,0
18380,0
18381,0
18383,0
18386,0
18387,1
18388,0
18389,1
18390,1
18391,1
18393,0
18397,1
18398,0
18400,0
18402,1
18404,0
18408,1
18412,1
18413,0
18414,1
18416,0
18420,1
18421,0
18429,0
18432,0
18436,0
18437,0
18439,1
18440,0
18441,0
18445,0
18449,0
18454,0
18455,1
18457,0
18460,0
18461,0
18466,1
18468,0
18473,0
18475,0
18476,0
18482,1
18483,0
18486,0
18491,0
18492,0
18493,1
18494,0
18496,1
18498,1
18502,1
18509,0
18510,0
18514,1
18519,0
18523,0
18525,0
18526,0
18536,0
18538,1
18539,0
18540,1
18545,1
18546,1
18550,1
18551,0
18552,0
18553,1
18557,0
18562,1
18564,1
18566,0
18567,0
18568,0
18572,0
18577,1
18580,0
18581,1
18582,1
18585,0
18588,0
18589,1
18592,1
18595,0
18599,1
18600,1
18602,1
18604,0
18605,1
18609,0
18610,1
18615,1
18619,0
18620,0
18621,1
18622,0
18625,1
18629,1
18630,1
18631,1
18632,1
18634,1
18638,0
18640,1
18642,1
18644,0
18647,0
18650,0
18656,1
18657,1
18659,1
18661,1
18662,0
18663,1
18666,1
18667,1
18668,1
18670,1
18671,1
18672,1
18674,0
18677,1
18681,1
18682,0
18683,0
18686,1
18689,1
18690,0
18692,1
18694,0
18700,0
18705,0
18707,1
18708,1
18709,1
18710,1
18711,0
18713,1
18715,0
18717,1
18718,1
18719,0
18723,0
18728,1
18729,1
18730,1
18731,0
18732,1
18735,1
18737,1
18740,0
18745,1
18748,0
18750,1
18751,0
18752,0
18753,0
18754,1
18757,1
18758,1
18759,1
18761,0
18763,1
18765,1
18768,0
18770,1
18772,0
18775,1
18778,0
18779,1
18780,0
18785,1
18788,1
18789,0
18802,1
18803,1
18806,1
18807,0
18813,1
18814,0
18821,0
18824,1
18825,1
18828,0
18830,1
18834,0
18835,1
18836,1
18837,1
18841,0
18844,0
18847,1
18849,0
18851,0
18859,1
18860,0
18862,0
18863,1
18864,1
18868,1
18869,0
18875,1
18878,1
18879,1
18881,1
18883,0
18884,0
18886,0
18887,1
18888,1
18892,1
18893,0
18894,1
18896,1
18899,0
18900,0
18901,0
18905,1
18910,1
18915,0
18919,0
18921,1
18932,1
18934,1
18938,1
18939,0
18947,0
18951,1
18953,1
18959,0
18963,0
18964,0
18967,1
18968,0
18969,1
18970,1
18973,1
18980,0
18984,1
18985,1
18988,0
18992,1
18995,0
18996,0
18998,1
18999,0
19004,1
19007,1
19010,1
19011,1
19013,0
19016,1
19019,0
19025,0
19026,1
19030,0
19038,1
19041,0
19045,1
19046,1
19047,0
19048,1
19049,0
19052,0
19056,0
19061,1
19064,0
19065,0
19066,1
19068,0
19069,1
19071,0
19072,0
19078,1
19080,0
19082,0
19083,0
19084,0
19088,1
19097,1
19100,0
19105,1
19111,0
19113,1
19119,1
19120,1
19123,1
19124,0
19125,1
19127,0
19132,0
19134,1
19135,0
19139,1
19140,1
19141,0
19145,1
19148,0
19149,0
19151,1
19152,1
19155,1
19157,1
19160,1
19163,1
19164,1
19165,1
19169,0
19173,1
19174,0
19177,1
19179,1
19180,0
19182,1
19184,0
19188,0
19189,0
19190,1
19197,0
19199,0
19200,0
19202,0
19205,1
19208,0
19209,1
19211,1
19212,1
19213,0
19216,1
19220,1
19222,1
19227,0
19228,1
19230,0
19232,1
19234,0
19235,0
19236,0
19238,0
19239,0
19240,0
19241,1
19242,0
19244,0
19246,0
19249,0
19253,0
19258,0
19263,0
19265,0
19268,0
19270,1
19271,0
19274,0
19275,0
19276,1
19277,1
19279,0
19280,0
19282,1
19285,0
19286,0
19287,0
19291,0
19293,0
19294,0
19301,0
19303,0
19304,0
19306,0
19314,0
19315,0
19316,0
19317,0
19321,0
19323,0
19328,0
19329,0
19335,1
19338,0
19340,1
19341,0
19342,1
19344,0
19346,0
19347,1
19349,0
19350,0
19351,1
19353,0
19354,1
19356,1
19357,0
19359,0
19361,0
19362,1
19363,1
19369,0
19371,1
19373,0
19376,0
19377,1
19379,1
19380,1
19381,0
19382,1
19383,1
19384,0
19386,0
19388,0
19390,0
19391,0
19394,0
19396,0
19400,0
19403,1
19404,0
19406,0
19408,0
19409,0
19411,1
19413,0
19415,1
19417,1
19419,1
19420,0
19421,1
19423,1
19424,0
19427,0
19430,1
19432,0
19434,0
19435,0
19436,0
19439,0
19441,1
19447,0
19450,0
19451,0
19452,1
19455,0
19464,0
19465,0
19470,0
19472,0
19475,0
19476,0
19480,0
19483,0
19488,0
19490,0
19492,0
19493,1
19495,0
19496,0
19497,1
19504,1
19506,1
19507,0
19510,0
19514,0
19516,1
19520,0
19521,1
19522,1
19523,0
19526,1
19527,1
19528,0
19529,0
19530,0
19531,0
19536,1
19537,0
19538,1
19540,1
19542,0
19545,0
19550,1
19551,0
19553,0
19556,0
19559,0
19564,0
19565,0
19566,1
19568,0
19570,0
19573,0
19575,0
19576,1
19577,0
19578,0
19579,0
19580,0
19581,0
19583,1
19584,0
19586,0
19588,0
19590,0
19594,0
19597,0
19598,0
19600,0
19602,0
19604,0
19605,0
19606,0
19607,0
19613,0
19614,0
19616,0
19618,0
19619,0
19620,1
19623,0
19626,1
19627,0
19631,0
19632,0
19635,0
19636,0
19638,0
19640,0
19643,1
19647,0
19649,1
19650,1
19651,1
19652,0
19653,1
19654,0
19667,0
19668,0
19669,0
19670,0
19675,0
19677,0
19681,0
19682,1
19685,0
19686,1
19689,0
19691,0
19692,1
19695,0
19700,0
19703,1
19704,0
19706,0
19709,1
19711,0
19713,0
19719,1
19722,0
19725,1
19729,1
19730,1
19735,0
19736,0
19739,0
19746,1
19749,0
19751,1
19752,0
19753,0
19757,0
19758,1
19759,1
19760,0
19764,0
19766,0
19770,0
19771,0
19777,0
19780,0
19781,1
19782,0
19785,0
19786,1
19789,1
19790,0
19791,0
19792,0
19793,1
19794,0
19795,0
19800,0
19801,1
19805,0
19808,0
19810,0
19813,1
19817,1
19818,1
19821,0
19825,1
19829,1
19831,1
19834,0
19835,1
19842,1
19843,1
19845,1
19849,1
19850,1
19854,1
19856,0
19857,0
19858,1
19862,1
19863,0
19865,1
19866,0
19868,0
19869,1
19872,1
19878,1
19879,1
19885,1
19888,1
19889,1
19891,0
19892,0
19893,0
19896,1
19898,1
19899,0
19900,1
19903,1
19906,0
19907,0
19908,0
19913,0
19914,0
19916,0
19923,0
19926,0
19931,1
19936,0
19938,0
19949,0
19951,0
19952,0
19955,0
19967,0
19969,0
19971,0
19973,0
19975,1
19977,1
19978,1
19981,1
19982,0
19983,1
19984,1
19986,0
19988,1
19993,0
19995,0
20000,0
20005,1
20006,0
20007,0
20011,0
20018,0
20021,0
20022,0
20023,0
20025,0
20029,1
20033,0
20035,0
20036,1
20038,1
20044,1
20045,1
20046,0
20055,1
20056,0
20057,0
20059,0
20060,0
20061,1
20063,1
20065,1
20067,0
20069,0
20073,1
20075,0
20079,0
20080,1
20082,1
20083,1
20084,0
20085,1
20089,1
20093,0
20094,1
20095,1
20096,1
20097,0
20102,0
20104,1
20109,0
20113,1
20115,0
20116,0
20117,0
20119,1
20120,0
20125,0
20127,1
20128,1
20136,1
20141,1
20146,1
20147,1
20148,1
20149,1
20150,1
20151,0
20152,1
20153,0
20154,0
20156,1
20163,1
20168,0
20169,1
20170,0
20171,0
20179,0
20185,1
20187,1
20188,0
20189,0
20190,0
20192,1
20193,1
20195,1
20199,1
20206,0
20212,0
20214,0
20216,1
20217,0
20219,0
20221,0
20222,1
20226,0
20227,0
20230,1
20232,1
20234,1
20235,0
20236,0
20238,0
20239,1
20244,0
20247,0
20252,1
20257,1
20259,1
20260,1
20262,1
20265,1
20271,1
20276,1
20277,1
20278,1
20282,1
20285,1
20288,1
20290,1
20292,1
20293,1
20297,0
20301,1
20304,1
20305,1
20307,1
20308,1
20312,1
20313,1
20315,1
20318,1
20321,1
20329,1
20331,0
20336,0
20338,0
20339,0
20340,1
20342,1
20346,0
20349,0
20350,0
20352,0
20355,0
20357,1
20358,0
20359,0
20360,1
20362,1
20365,0
20366,0
20370,0
20374,0
20375,1
20376,0
20377,0
20381,0
20386,0
20392,0
20393,1
20395,0
20398,0
20399,0
20402,0
20404,0
20408,0
20410,1
20412,0
20416,0
20417,0
20418,1
20421,1
20422,0
20424,0
20428,1
20429,0
20437,1
20440,0
20443,0
20448,1
20455,1
20457,0
20458,1
20460,0
20465,1
20468,0
20470,0
20474,0
20475,0
20477,0
20479,1
20481,1
20485,0
20486,0
20487,0
20488,0
20490,1
20491,1
20494,1
20495,0
20500,0
20503,1
20519,0
20521,1
20524,0
20527,0
20534,0
20535,1
20537,1
20538,0
20543,1
20544,1
20547,0
20548,0
20549,1
20551,0
20555,0
20556,1
20558,1
20559,1
20565,1
20568,1
20572,0
20573,0
20576,0
20577,0
20578,0
20579,0
20585,0
20586,0
20587,1
20588,0
20589,0
20590,0
20593,0
20595,0
20597,1
20599,1
20601,1
20604,0
20605,1
20606,0
20610,1
20614,0
20615,0
20616,0
20617,0
20621,0
20624,0
20628,0
20631,1
20632,0
20635,1
20638,0
20639,0
20643,0
20644,0
20646,0
20649,0
20651,1
20652,0
20654,0
20655,0
20656,1
20659,1
20660,1
20665,1
20668,0
20672,0
20676,0
20682,0
20683,1
20684,1
20691,0
20694,0
20696,0
20697,0
20700,0
20702,0
20703,0
20704,0
20705,0
20708,0
20713,0
20715,1
20722,0
20725,0
20728,0
20732,0
20734,0
20735,0
20736,1
20737,1
20739,0
20741,1
20742,1
20745,1
20746,0
20747,0
20748,1
20749,0
20754,0
20755,0
20764,0
20767,0
20768,0
20772,1
20775,0
20777,1
20780,0
20787,0
20789,0
20791,0
20794,0
20795,0
20797,1
20804,0
20806,0
20807,1
20808,0
20809,1
20810,1
20812,1
20814,0
20815,1
20816,1
20817,0
20819,0
20822,0
20824,0
20825,0
20827,1
20828,1
20835,0
20836,0
20838,0
20839,0
20841,0
20844,0
20847,0
20848,1
20851,1
20852,1
20854,0
20858,1
20859,1
20860,0
20861,0
20862,1
20864,0
20866,1
20867,0
20869,0
20872,0
20873,0
20874,0
20882,1
20885,0
20888,1
20892,0
20894,1
20899,0
20901,1
20903,0
20904,1
20905,1
20909,1
20910,1
20911,1
20912,1
20913,1
20916,0
20920,1
20926,0
20928,1
20930,1
20932,1
20933,1
20935,0
20936,0
20945,1
20946,1
20947,1
20948,0
20949,1
20950,0
20951,1
20954,1
20956,1
20957,1
20958,1
20959,1
20963,1
20967,1
20971,1
20973,1
20976,1
20982,1
20984,0
20989,1
20991,1
20992,1
20994,1
20997,1
20998,0
20999,0
21003,1
21004,0
21009,0
21012,1
21015,1
21016,1
21020,1
21021,1
21022,1
21023,1
21025,1
21027,1
21031,0
21037,0
21038,1
21040,1
21044,0
21046,0
21049,1
21051,1
21054,0
21056,0
21061,1
21065,1
21067,1
21070,0
21071,1
21082,0
21086,1
21087,0
21089,0
21092,0
21093,0
21095,0
21101,0
21102,0
21104,0
21106,0
21108,0
21110,0
21111,0
21112,1
21114,0
21115,1
21117,0
21118,0
21119,1
21120,0
21121,0
21122,0
21123,0
21125,0
21134,0
21135,1
21136,0
21140,0
21141,1
21142,1
21146,0
21148,0
21149,1
21151,1
21153,0
21158,0
21159,1
21160,0
21167,0
21169,1
21172,1
21176,0
21181,0
21182,0
21184,1
21185,0
21186,0
21187,0
21188,0
21194,1
21195,1
21197,0
21202,0
21203,0
21205,0
21207,0
21208,0
21212,1
21214,0
21217,1
21218,0
21219,1
21223,1
21231,0
21234,1
21236,0
21238,1
21239,0
21241,0
21242,0
21247,0
21250,0
21251,1
21253,0
21255,0
21256,0
21257,1
21258,0
21260,1
21263,0
21264,0
21265,0
21267,1
21268,0
21271,0
21274,1
21278,1
21281,0
21284,1
21285,0
21289,1
21292,1
21293,0
21295,0
21296,0
21300,0
21302,0
21312,1
21315,0
21316,0
21317,1
21318,0
21329,0
21330,0
21332,1
21334,0
21338,0
21339,0
21340,1
21342,0
21344,0
21352,0
21354,0
21355,1
21356,0
21359,0
21362,1
21364,0
21368,1
21369,1
21371,1
21372,1
21373,0
21374,1
21377,0
21378,1
21382,1
21387,1
21388,1
21395,1
21397,0
21399,1
21402,1
21403,0
21405,1
21406,0
21407,1
21411,1
21412,1
21413,0
21414,1
21415,0
21416,0
21418,1
21419,1
21421,1
21422,0
21426,1
21427,0
21429,1
21432,0
21435,1
21436,0
21439,0
21440,1
21445,1
21447,1
21452,1
21454,1
21456,1
21457,0
21459,0
21461,1
21465,1
21467,1
21468,0
21471,1
21473,0
21477,1
21480,1
21481,1
21488,1
21490,0
21491,0
21492,0
21493,0
21496,1
21501,0
21502,0
21504,0
21505,0
21506,1
21509,1
21511,1
21512,0
21513,1
21514,0
21516,0
21521,1
21525,1
21526,0
21527,1
21530,0
21536,0
21538,0
21541,0
21544,0
21545,0
21547,0
21549,1
21550,0
21552,1
21554,0
21556,1
21561,0
21567,1
21568,0
21569,0
21570,0
21573,0
21577,0
21580,0
21594,0
21600,0
21604,0
21606,0
21609,0
21610,0
21611,0
21613,0
21614,0
21617,0
21619,0
21620,0
21622,0
21626,1
21627,0
21628,0
21629,0
21630,0
21637,0
21638,0
21640,0
21642,0
21644,0
21653,1
21654,0
21655,0
21661,0
21667,1
21668,1
21671,0
21672,0
21677,0
21678,1
21679,0
21682,0
21683,0
21686,0
21687,0
21699,1
21701,1
21702,0
21704,0
21707,0
21709,0
21710,0
21715,1
21718,1
21722,1
21723,1
21725,0
21726,0
21727,0
21728,0
21730,0
21731,0
21733,0
21740,0
21741,0
21742,0
21745,0
21746,1
21747,1
21749,0
21758,0
21760,0
21762,0
21766,1
21771,0
21772,0
21777,1
21779,1
21780,1
21781,0
21785,0
21790,0
21791,1
21792,1
21794,0
21796,0
21797,1
21799,1
21801,0
21802,0
21805,0
21806,1
21807,1
21808,0
21810,0
21812,0
21813,0
21814,0
21815,1
21816,0
21818,1
21819,1
21820,0
21821,0
21824,0
21825,0
21829,1
21831,1
21832,1
21836,0
21837,1
21838,0
21843,0
21845,1
21850,0
21852,0
21856,0
21859,1
21863,0
21866,1
21868,0
21870,1
21872,1
21874,1
21875,1
21877,1
21878,0
21879,1
21880,1
21881,1
21888,1
21894,0
21899,1
21900,0
21903,0
21907,1
21908,0
21909,0
21914,0
21917,1
21922,0
21924,0
21925,1
21926,0
21928,0
21931,1
21932,0
21934,0
21935,0
21936,1
21937,1
21939,1
21943,0
21944,0
21957,0
21961,0
21963,0
21966,1
21968,1
21971,0
21975,1
21978,1
21983,0
21984,1
21985,1
21986,0
21988,0
21990,0
21991,0
21993,1
21994,1
21995,1
21996,1
21998,1
22000,0
22002,0
22004,1
22005,0
22006,0
22007,1
22008,1
22013,1
22015,0
22016,1
22019,0
22020,1
22022,0
22023,1
22024,1
22025,0
22028,1
22029,0
22030,1
22033,0
22034,0
22035,1
22038,1
22040,0
22044,1
22047,0
22051,0
22052,1
22053,1
22055,1
22056,0
22058,1
22059,0
22060,0
22061,0
22063,1
22065,0
22072,1
22074,0
22076,0
22078,0
22079,1
22084,0
22086,0
22088,1
22090,0
22095,1
22102,1
22103,1
22104,1
22111,1
22112,0
22113,0
22114,0
22115,1
22121,1
22122,1
22123,0
22124,1
22125,0
22126,0
22134,0
22143,0
22151,0
22153,0
22155,0
22156,0
22159,0
22160,0
22161,0
22164,1
22165,0
22166,0
22175,0
22176,0
22180,0
22181,0
22188,0
22189,1
22190,0
22192,0
22195,0
22199,0
22200,0
22206,0
22209,1
22212,0
22214,0
22215,0
22216,0
22217,0
22218,1
22219,0
22220,0
22221,0
22222,0
22224,0
22228,0
22229,0
22234,0
22237,0
22238,1
22246,0
22247,0
22249,1
22251,0
22261,1
22262,0
22263,1
22269,1
22273,1
22274,1
22275,0
22281,1
22282,1
22283,0
22284,0
22285,1
22288,0
22289,1
22292,1
22293,1
22295,0
22297,1
22299,1
22303,1
22306,1
22309,1
22315,1
22319,1
22323,0
22326,1
22328,1
22329,0
22332,1
22336,1
22337,1
22339,1
22341,0
22352,1
22355,0
22358,1
22363,0
22364,1
22365,1
22366,0
22370,1
22373,1
22375,1
22379,1
22380,1
22383,1
22385,1
22387,0
22388,1
22390,0
22393,1
22395,1
22399,1
22402,1
22405,1
22407,1
22415,0
22417,0
22423,0
22424,0
22425,0
22426,0
22427,0
22430,0
22431,1
22439,0
22443,0
22444,0
22446,0
22447,0
22448,0
22450,0
22451,1
22454,0
22456,0
22459,1
22460,0
22461,1
22462,0
22466,1
22470,0
22472,0
22476,1
22477,1
22480,0
22481,0
22483,0
22491,0
22497,0
22498,0
22500,0
22501,0
22503,0
22504,0
22506,0
22508,1
22512,0
22516,0
22518,1
22520,0
22522,0
22524,0
22527,0
22529,1
22532,0
22535,1
22537,1
22542,1
22543,1
22548,0
22550,0
22558,0
22560,1
22563,0
22565,0
22567,0
22568,0
22570,0
22571,1
22572,0
22573,0
22575,0
22576,0
22577,0
22581,0
22584,0
22585,0
22587,0
22588,0
22590,0
22591,0
22595,0
22597,0
22598,0
22599,0
22601,0
22603,1
22606,0
22608,1
22613,0
22619,0
22623,0
22625,0
22626,1
22627,0
22628,0
22636,0
22637,1
22640,0
22643,1
22646,0
22647,0
22649,1
22651,0
22652,0
22656,0
22658,0
22664,0
22667,0
22669,0
22671,0
22673,0
22677,1
22679,1
22684,0
22687,1
22690,0
22692,1
22696,0
22699,0
22700,1
22704,0
22706,1
22707,0
22709,0
22710,0
22714,1
22716,1
22718,0
22719,0
22723,0
22726,1
22727,1
22730,0
22733,1
22736,0
22737,0
22738,0
22742,1
22743,0
22744,0
22745,0
22747,0
22751,0
22753,0
22754,0
22755,0
22760,0
22762,1
22767,0
22770,0
22772,1
22775,1
22778,1
22780,1
22781,1
22782,1
22783,1
22785,1
22786,0
22788,0
22790,1
22794,1
22806,1
22808,1
22812,1
22817,1
22818,0
22821,0
22822,0
22826,1
22829,0
22831,0
22832,0
22833,0
22834,1
22838,0
22840,0
22841,0
22843,1
22845,0
22850,0
22856,0
22863,1
22865,0
22867,1
22868,1
22871,0
22876,0
22880,1
22881,1
22885,1
22886,0
22890,1
22892,1
22898,0
22902,0
22905,0
22911,1
22913,1
22923,0
22928,0
22929,0
22930,0
22933,1
22942,1
22943,0
22945,0
22947,0
22952,1
22953,1
22954,0
22958,1
22963,1
22965,1
22966,1
22970,1
22971,1
22976,1
22977,0
22995,0
23002,1
23003,1
23008,1
23010,0
23012,1
23014,0
23015,1
23016,1
23017,0
23020,0
23023,1
23025,0
23026,1
23035,1
23042,0
23047,1
23050,1
23051,0
23052,0
23053,1
23057,1
23064,0
23066,0
23067,0
23068,0
23069,1
23071,0
23072,0
23073,1
23077,0
23078,1
23082,0
23083,1
23087,0
23090,1
23093,0
23096,0
23097,1
23099,0
23100,1
23101,1
23102,1
23105,1
23108,1
23109,1
23111,0
23113,1
23120,0
23121,1
23122,1
23127,0
23131,1
23132,0
23133,1
23134,0
23135,1
23136,0
23137,0
23138,0
23142,0
23145,0
23149,1
23150,1
23165,0
23166,0
23167,1
23172,0
23173,0
23174,0
23175,1
23176,1
23180,0
23182,0
23183,0
23184,1
23185,0
23187,0
23191,0
23194,1
23196,1
23197,0
23201,0
23206,0
23208,0
23216,0
23217,0
23219,1
23223,0
23224,0
23226,0
23232,1
23233,1
23234,1
23240,1
23242,0
23243,0
23244,1
23246,0
23247,1
23249,0
23253,0
23255,0
23256,0
23258,0
23261,1
23265,1
23269,1
23271,0
23273,0
23274,1
23276,0
23279,1
23283,1
23284,0
23285,0
23286,1
23288,1
23289,1
23291,1
23292,0
23294,0
23297,0
23299,0
23303,1
23304,1
23306,0
23308,1
23310,0
23312,1
23320,1
23322,1
23327,1
23331,0
23332,0
23333,1
23334,1
23338,0
23340,1
23341,1
23342,1
23344,1
23345,1
23346,0
23347,1
23348,1
23349,1
23350,0
23354,0
23355,0
23358,0
23360,0
23362,0
23363,0
23366,1
23367,1
23370,1
23378,1
23382,1
23383,0
23384,0
23389,0
23391,1
23398,0
23399,1
23401,0
23405,0
23408,0
23412,0
23419,0
23425,0
23426,0
23427,0
23429,1
23431,1
23433,1
23437,0
23442,1
23443,1
23445,1
23446,0
23447,1
23449,0
23455,1
23456,0
23457,1
23458,1
23459,1
23460,1
23463,1
23464,0
23465,1
23467,1
23468,1
23469,0
23473,1
23474,1
23475,1
23479,1
23481,1
23484,0
23487,1
23488,1
23490,0
23492,0
23493,1
23495,1
23502,1
23503,1
23512,1
23515,0
23517,0
23518,1
23519,0
23521,0
23522,1
23523,0
23526,0
23527,1
23528,0
23529,0
23530,0
23533,1
23536,0
23540,0
23543,0
23544,0
23545,0
23546,0
23550,0
23552,0
23558,1
23559,1
23560,1
23562,0
23564,1
23565,1
23566,1
23567,1
23570,0
23571,0
23572,1
23573,1
23579,0
23580,0
23582,0
23583,0
23584,1
23585,1
23586,1
23587,0
23588,1
23589,1
23592,1
23595,0
23603,0
23604,0
23605,0
23608,0
23610,0
23616,1
23617,0
23623,1
23627,0
23628,0
23631,0
23632,0
23637,0
23641,0
23644,0
23645,1
23648,0
23650,0
23652,0
23654,0
23658,0
23659,0
23660,0
23661,0
23663,0
23665,0
23666,0
23667,1
23670,0
23671,1
23675,0
23677,0
23678,0
23680,0
23682,1
23685,1
23686,0
23688,0
23689,0
23691,0
23693,0
23695,1
23703,1
23709,1
23711,0
23714,1
23715,0
23716,0
23717,0
23724,1
23726,0
23727,1
23732,0
23736,0
23739,0
23740,0
23742,0
23744,0
23749,0
23753,1
23754,0
23755,0
23756,0
23763,1
23764,0
23765,0
23767,0
23768,0
23770,1
23771,0
23772,1
23773,1
23777,0
23778,1
23782,1
23785,0
23786,1
23789,0
23790,0
23796,1
23797,0
23802,0
23803,0
23806,0
23808,0
23810,1
23811,0
23812,0
23813,1
23816,0
23818,0
23821,1
23823,0
23825,0
23827,1
23828,0
23829,0
23831,0
23832,0
23840,1
23844,0
23849,0
23851,0
23854,1
23855,0
23856,0
23857,0
23858,0
23859,0
23863,0
23865,0
23870,1
23872,1
23873,1
23875,1
23876,1
23877,0
23878,0
23880,0
23881,0
23882,0
23884,0
23885,0
23892,1
23897,0
23898,0
23906,0
23914,0
23915,0
23916,1
23917,0
23921,1
23922,1
23925,1
23929,0
23933,1
23935,0
23938,1
23941,1
23944,0
23945,0
23949,1
23952,1
23953,0
23956,0
23957,1
23963,1
23964,0
23965,1
23967,1
23969,0
23971,0
23973,1
23974,1
23975,1
23979,1
23981,1
23987,1
23991,1
23992,1
23994,0
23996,1
23997,1
23998,0
23999,0
24000,1
24002,1
24003,1
24006,0
24008,1
24012,1
24017,1
24020,0
24023,1
24027,1
24029,1
24030,1
24034,1
24037,1
24038,0
24045,1
24049,0
24050,1
24051,0
24054,1
24056,1
24064,1
24066,0
24068,0
24072,1
24075,1
24077,1
24079,1
24080,1
24082,1
24083,1
24086,1
24088,1
24094,0
24102,1
24105,0
24108,1
24109,1
24112,1
24113,1
24114,0
24118,0
24121,1
24124,1
24131,1
24138,0
24142,0
24144,0
24146,1
24147,1
24151,0
24153,1
24154,1
24156,0
24157,1
24168,0
24169,1
24175,1
24177,1
24181,0
24182,1
24183,1
24185,1
24191,1
24192,1
24193,1
24194,1
24195,0
24197,0
24198,1
24199,0
24203,0
24206,0
24208,1
24211,0
24213,1
24215,1
24217,0
24220,1
24222,0
24225,1
24226,1
24227,0
24232,0
24234,1
24236,1
24238,1
24239,1
24247,1
24249,1
24251,0
24254,0
24258,1
24260,0
24265,0
24266,1
24269,1
24273,1
24275,0
24276,0
24278,0
24279,1
24280,1
24281,1
24282,1
24283,0
24284,1
24285,1
24286,0
24287,0
24289,1
24291,1
24296,1
24297,0
24302,1
24303,1
24304,1
24310,1
24313,1
24316,1
24318,0
24319,0
24321,0
24323,0
24324,1
24325,0
24326,0
24329,1
24330,1
24332,1
24335,1
24340,1
24346,0
24347,1
24348,0
24351,1
24354,1
24355,0
24356,1
24360,0
24362,0
24363,0
24366,1
24368,0
24370,1
24371,1
24372,1
24376,1
24378,1
24379,0
24383,0
24387,0
24388,0
24389,1
24396,1
24399,0
24412,0
24414,1
24417,0
24419,0
24422,0
24423,0
24424,0
24425,0
24426,1
24428,0
24433,0
24434,0
24436,0
24437,0
24443,1
24445,0
24446,0
24450,1
24455,1
24458,0
24461,1
24462,1
24469,0
24473,1
24475,0
24476,0
24480,0
24481,0
24484,0
24485,0
24489,1
24490,1
24491,0
24494,1
24495,1
24496,1
24500,0
24501,0
24505,1
24506,0
24508,1
24511,0
24512,0
24516,0
24518,1
24519,0
24523,0
24525,0
24526,1
24537,1
24544,1
24545,1
24546,0
24549,1
24552,1
24555,1
24556,1
24559,1
24560,0
24562,1
24563,1
24564,1
24566,0
24567,0
24569,0
24571,1
24574,1
24576,1
24577,0
24578,1
24579,0
24580,1
24581,1
24583,1
24585,0
24586,1
24587,0
24588,1
24589,1
24604,1
24606,1
24608,0
24609,1
24612,1
24613,1
24619,1
24624,1
24630,1
24633,1
24634,0
24639,1
24640,1
24641,1
24642,0
24651,1
24653,0
24657,1
24661,1
24663,1
24669,1
24671,1
24672,0
24679,1
24680,0
24682,1
24686,0
24687,0
24689,0
24691,0
24694,0
24698,0
24700,0
24701,0
24703,1
24705,0
24707,0
24708,0
24709,0
24710,0
24714,0
24715,0
24717,0
24718,0
24719,0
24722,0
24723,0
24724,1
24728,1
24731,0
24732,1
24738,1
24741,1
24743,0
24744,1
24746,0
24750,0
24752,0
24757,0
24758,1
24762,0
24763,0
24766,0
24769,1
24770,0
24771,0
24772,1
24775,0
24778,0
24783,0
24784,0
24785,0
24786,0
24788,0
24791,1
24793,1
24795,0
24797,1
24798,1
24799,0
24800,0
24804,0
24805,0
24806,0
24807,1
24809,0
24810,1
24811,1
24816,0
24817,1
24818,0
24819,0
24820,1
24823,0
24826,1
24833,0
24834,1
24835,1
24836,1
24837,1
24838,1
24839,0
24842,0
24843,1
24847,1
24854,0
24855,1
24857,0
24862,0
24863,0
24869,0
24871,0
24875,1
24881,1
24883,1
24890,1
24891,0
24894,1
24896,0
24898,0
24901,0
24902,0
24903,1
24905,0
24906,1
24908,1
24914,0
24915,0
24916,0
24919,1
24923,1
24925,0
24928,1
24932,1
24933,1
24939,0
24940,0
24942,0
24943,0
24944,0
24945,0
24947,0
24948,0
24949,1
24951,0
24954,0
24957,0
24958,0
24960,0
24963,0
24964,1
24965,0
24966,0
24968,0
24970,0
24971,0
24974,1
24976,0
24977,0
24979,1
24982,0
24984,1
24986,0
24988,0
24992,1
24993,1
25002,0
25007,0
25008,0
25009,1
25010,0
25011,1
25013,0
25014,0
25015,1
25016,0
25017,1
25018,1
25019,1
25022,0
25026,1
25027,1
25028,1
25030,1
25031,0
25034,1
25035,0
25038,1
25040,1
25041,1
25045,1
25046,0
25048,1
25052,1
25055,1
25058,0
25061,1
25062,1
25064,1
25069,1
25070,1
25071,1
25079,1
25080,0
25081,0
25083,0
25085,0
25086,1
25087,1
25088,0
25092,0
25097,0
25101,1
25103,0
25105,1
25106,0
25108,0
25109,1
25112,1
25113,0
25114,1
25115,1
25116,0
25119,0
25126,1
25127,1
25129,1
25131,0
25134,1
25137,0
25140,1
25141,1
25143,1
25145,1
25146,1
25148,0
25150,0
25152,1
25154,1
25155,1
25156,1
25159,1
25160,0
25161,1
25162,1
25163,0
25165,0
25167,0
25168,1
25172,1
25174,1
25175,1
25178,1
25180,1
25182,0
25184,1
25188,0
25193,0
25201,0
25203,1
25204,1
25208,0
25214,1
25216,1
25217,1
25226,0
25227,0
25229,0
25233,0
25235,1
25243,0
25247,1
25248,1
25252,1
25259,1
25262,1
25263,0
25267,1
25270,0
25271,0
25272,1
25274,1
25279,0
25281,1
25283,0
25287,0
25289,0
25291,0
25296,1
25298,1
25301,0
25303,1
25307,0
25310,0
25311,1
25313,1
25317,0
25318,0
25319,1
25324,1
25325,1
25326,0
25327,0
25330,0
25331,0
25333,0
25334,0
25335,0
25337,0
25339,0
25341,0
25349,0
25352,0
25353,0
25354,0
25358,0
25359,1
25360,0
25363,0
25367,0
25368,0
25371,0
25374,0
25380,0
25383,0
25384,0
25385,0
25387,1
25393,0
25394,0
25395,0
25397,0
25399,0
25401,0
25403,0
25404,0
25405,0
25406,0
25407,0
25408,0
25412,0
25414,0
25422,1
25426,0
25431,0
25432,0
25436,0
25437,1
25440,1
25442,0
25443,0
25444,0
25447,0
25454,0
25456,0
25457,1
25459,0
25460,0
25462,0
25464,0
25468,0
25470,0
25474,0
25479,0
25481,0
25483,0
25486,1
25488,1
25491,0
25492,1
25495,0
25498,0
25499,0
25501,1
25504,0
25505,0
25506,0
25508,0
25509,1
25514,0
25515,0
25517,0
25519,1
25520,1
25521,1
25522,0
25523,0
25524,0
25525,1
25526,0
25527,1
25530,1
25537,0
25545,1
25551,0
25554,0
25560,1
25562,0
25569,0
25571,0
25573,1
25574,0
25575,0
25577,1
25578,1
25579,0
25580,1
25582,0
25586,0
25587,0
25590,0
25591,0
25596,0
25599,1
25601,1
25604,1
25607,1
25609,0
25614,1
25616,1
25618,0
25623,1
25624,1
25627,0
25628,1
25630,1
25631,0
25633,1
25635,1
25636,0
25637,1
25639,1
25642,1
25648,1
25653,1
25654,1
25657,1
25659,1
25662,1
25663,1
25664,1
25668,1
25669,1
25671,1
25676,1
25679,0
25682,1
25684,1
25687,1
25695,0
25697,1
25698,1
25701,0
25702,0
25703,0
25704,0
25707,1
25710,1
25711,1
25717,0
25718,1
25721,0
25722,0
25725,1
25726,0
25728,1
25729,0
25731,0
25733,1
25735,1
25737,1
25738,1
25744,1
25746,0
25754,1
25757,1
25760,0
25765,1
25768,0
25771,0
25772,0
25776,0
25779,0
25785,1
25789,0
25790,0
25796,1
25797,0
25800,1
25801,0
25802,1
25805,0
25806,0
25807,0
25808,1
25809,0
25811,0
25813,0
25815,1
25818,0
25821,0
25823,0
25824,0
25825,0
25828,0
25829,0
25830,1
25831,1
25833,0
25835,0
25837,0
25841,0
25852,0
25854,1
25856,0
25858,0
25860,0
25864,1
25866,0
25870,1
25871,0
25875,1
25876,0
25879,1
25882,1
25883,1
25885,0
25889,0
25891,0
25892,1
25894,1
25897,0
25901,0
25902,1
25904,0
25906,1
25908,1
25911,1
25912,0
25913,1
25914,0
25921,0
25925,1
25926,1
25929,1
25931,1
25935,0
25936,0
25942,1
25943,0
25946,0
25950,0
25954,1
25960,1
25961,0
25965,1
25966,0
25968,1
25976,1
25979,0
25980,0
25982,0
25984,1
25989,1
25991,1
25994,0
25995,0
25996,0
25999,1
26001,0
26002,0
26005,1
26006,0
26009,0
26010,1
26012,0
26014,0
26016,0
26019,0
26021,0
26023,0
26025,1
26030,0
26032,0
26037,1
26038,0
26039,0
26041,0
26043,1
26044,0
26045,1
26047,1
26048,1
26051,0
26052,1
26053,1
26054,1
26060,1
26061,1
26063,1
26066,0
26067,1
26069,0
26071,1
26074,1
26075,1
26077,0
26080,0
26081,1
26084,0
26085,0
26087,0
26088,0
26089,1
26094,0
26095,0
26096,0
26098,0
26099,0
26100,1
26102,0
26105,1
26106,1
26109,0
26112,0
26117,0
26126,0
26129,0
26130,0
26132,0
26138,0
26139,0
26144,0
26146,0
26148,0
26150,0
26151,1
26153,0
26154,0
26155,1
26159,0
26162,1
26163,1
26165,0
26166,1
26167,1
26168,1
26171,1
26175,1
26178,1
26180,0
26188,0
26189,1
26190,1
26191,0
26193,0
26194,0
26196,0
26197,0
26198,1
26200,0
26202,1
26204,1
26206,1
26208,1
26214,1
26215,1
26216,0
26218,0
26220,1
26221,1
26225,1
26226,0
26227,1
26228,0
26231,1
26238,1
26242,1
26244,0
26247,1
26249,1
26252,1
26253,1
26254,1
26255,1
26256,1
26258,1
26259,1
26265,1
26270,1
26275,0
26278,1
26279,1
26282,1
26283,1
26286,1
26290,1
26291,1
26292,1
26293,1
26294,1
26298,1
26302,1
26303,0
26308,1
26309,1
26316,1
26318,0
26322,1
26323,1
26325,1
26327,1
26330,1
26332,1
26336,1
26337,1
26339,1
26345,1
26346,1
26348,1
26350,1
26353,1
26356,1
26357,1
26358,1
26360,0
26362,1
26363,1
26367,1
26368,1
26377,1
26380,1
26381,1
26383,1
26387,1
26389,1
26390,0
26391,1
26394,0
26397,1
26398,1
26404,1
26407,1
26408,1
26410,1
26412,0
26415,0
26422,1
26423,1
26424,0
26429,1
26430,1
26432,1
26434,1
26438,0
26440,0
26443,0
26445,0
26448,1
26453,1
26454,1
26458,0
26459,0
26463,1
26465,1
26473,0
26474,0
26477,1
26479,1
26481,1
26482,1
26483,0
26484,1
26485,1
26486,1
26494,0
26496,0
26497,1
26500,0
26503,1
26506,0
26508,1
26518,1
26519,0
26521,0
26523,0
26525,0
26527,0
26528,0
26529,1
26532,0
26537,1
26538,1
26539,1
26544,1
26546,1
26550,1
26551,1
26556,0
26557,1
26558,1
26560,1
26564,1
26567,1
26570,1
26571,0
26573,1
26578,1
26579,1
26580,1
26581,0
26582,1
26583,1
26585,1
26586,0
26588,0
26590,1
26597,1
26599,1
26601,1
26608,1
26610,1
26612,0
26613,1
26618,1
26619,1
26624,1
26627,1
26631,1
26632,1
26634,0
26636,0
26637,0
26638,1
26639,1
26642,1
26644,1
26646,1
26647,1
26648,1
26649,1
26651,0
26652,0
26653,0
26656,0
26658,0
26661,1
26662,1
26666,1
26668,0
26669,1
26670,0
26671,1
26673,1
26674,1
26676,0
26678,1
26688,1
26690,1
26691,1
26692,0
26693,1
26697,1
26700,1
26705,1
26706,1
26708,1
26709,1
26710,0
26712,1
26713,1
26720,1
26722,0
26723,0
26724,1
26726,1
26727,1
26728,1
26730,1
26731,1
26732,1
26734,0
26735,1
26736,1
26738,1
26740,1
26742,1
26744,1
26749,1
26752,1
26753,1
26755,0
26756,1
26758,1
26760,0
26762,1
26763,1
26766,1
26767,1
26770,0
26771,0
26772,1
26779,1
26784,0
26789,1
26790,0
26794,0
26800,0
26811,1
26812,0
26813,1
26815,1
26816,1
26819,1
26821,0
26823,0
26824,0
26825,1
26826,1
26828,0
26831,1
26835,0
26837,0
26838,1
26844,0
26846,0
26849,1
26855,0
26857,0
26859,1
26861,0
26863,0
26864,0
26869,1
26870,1
26872,1
26873,0
26875,0
26880,0
26883,0
26884,0
26894,0
26895,0
26896,1
26898,1
26900,0
26903,1
26904,0
26906,0
26907,0
26911,1
26913,1
26915,1
26917,1
26918,1
26922,1
26925,1
26926,1
26927,0
26928,1
26931,1
26937,1
26940,1
26942,0
26945,1
26946,1
26950,0
26951,0
26954,0
26958,0
26961,1
26965,0
26973,1
26974,1
26975,1
26976,1
26977,0
26980,0
26985,0
26987,0
26990,0
26995,0
26996,0
26997,1
26999,1
27005,0
27007,1
27008,0
27013,0
27021,1
27023,0
27026,1
27031,1
27032,0
27035,1
27036,1
27040,0
27044,1
27045,0
27047,1
27048,1
27052,1
27055,1
27057,0
27058,0
27062,1
27066,1
27067,0
27071,0
27072,0
27073,1
27076,0
27077,0
27084,1
27085,1
27086,1
27088,1
27090,1
27095,0
27096,1
27097,1
27099,0
27102,1
27104,1
27110,1
27119,0
27121,0
27122,1
27125,1
27126,1
27129,1
27130,1
27132,1
27133,1
27139,1
27140,0
27142,1
27144,1
27147,1
27148,1
27149,1
27157,0
27158,0
27160,0
27163,1
27164,1
27166,0
27167,1
27172,1
27174,1
27176,1
27179,1
27182,1
27183,1
27187,1
27189,1
27190,0
27191,1
27192,1
27196,1
27198,1
27201,1
27202,0
27203,0
27205,1
27207,1
27208,1
27211,0
27212,1
27213,1
27218,1
27219,0
27220,1
27225,1
27227,1
27229,1
27236,1
27239,1
27241,1
27242,1
27243,1
27244,1
27245,1
27253,0
27261,0
27263,1
27264,0
27266,1
27267,0
27268,1
27270,1
27272,0
27277,1
27278,0
27279,1
27285,1
27286,1
27287,1
27288,0
27291,0
27292,1
27293,0
27294,1
27295,1
27297,0
27301,0
27302,1
27303,0
27306,0
27307,0
27308,1
27309,1
27310,0
27311,1
27313,0
27314,0
27316,0
27317,0
27318,0
27319,1
27320,0
27326,0
27329,0
27333,0
27334,1
27336,1
27337,1
27341,0
27342,1
27343,1
27346,0
27347,0
27349,0
27351,0
27355,1
27358,1
27359,0
27363,1
27366,1
27367,1
27368,1
27369,1
27370,0
27371,0
27374,1
27375,1
27376,1
27382,0
27386,1
27388,1
27390,1
27392,1
27394,1
27395,1
27396,0
27408,1
27410,1
27411,1
27412,1
27415,1
27416,1
27419,1
27420,1
27423,1
27424,1
27426,1
27429,0
27430,1
27431,0
27432,1
27433,1
27434,1
27435,1
27437,1
27439,1
27447,0
27451,0
27453,1
27455,1
27457,0
27461,1
27463,0
27464,1
27466,1
27471,1
27473,1
27474,1
27475,1
27476,1
27477,1
27480,1
27481,1
27482,1
27483,1
27487,0
27491,0
27500,0
27507,1
27508,1
27509,1
27510,0
27512,1
27513,1
27520,1
27522,1
27524,0
27529,1
27531,1
27534,1
27535,0
27536,1
27537,1
27544,1
27547,1
27548,1
27549,1
27557,0
27558,0
27559,1
27561,0
27563,0
27564,1
27565,1
27566,0
27571,1
27572,0
27573,0
27575,1
27579,0
27582,0
27583,0
27584,0
27585,0
27590,1
27591,1
27592,0
27594,0
27595,0
27596,0
27600,0
27601,1
27608,0
27609,1
27610,0
27611,0
27612,0
27614,0
27615,0
27617,0
27618,1
27620,0
27623,0
27626,0
27627,0
27631,0
27634,1
27635,0
27636,0
27639,0
27641,1
27644,0
27645,0
27646,1
27649,0
27651,1
27652,0
27654,0
27655,1
27656,1
27657,0
27660,0
27661,0
27662,0
27663,0
27666,1
27667,0
27670,1
27676,1
27678,0
27682,0
27683,1
27684,1
27686,0
27687,1
27688,0
27690,0
27694,0
27702,0
27706,0
27708,0
27711,0
27714,1
27715,0
27716,0
27721,1
27722,0
27723,1
27725,0
27726,1
27727,0
27729,0
27730,1
27732,1
27734,0
27736,1
27738,1
27739,0
27740,1
27741,1
27743,1
27745,1
27746,1
27752,1
27755,0
27757,1
27758,1
27760,0
27764,1
27765,0
27768,1
27771,1
27774,0
27776,0
27778,0
27782,1
27783,0
27786,0
27787,0
27791,1
27792,0
27794,0
27799,0
27800,0
27807,0
27810,0
27811,0
27812,0
27815,0
27817,0
27819,0
27820,1
27821,0
27822,0
27826,0
27829,1
27830,0
27832,0
27836,1
27838,0
27841,0
27848,0
27851,1
27853,0
27855,1
27856,0
27858,0
27859,1
27860,0
27861,0
27862,0
27863,0
27864,1
27865,0
27867,1
27873,0
27884,1
27886,0
27887,0
27888,1
27890,1
27892,0
27893,0
27894,0
27895,0
27896,1
27897,0
27900,0
27902,0
27912,0
27914,0
27916,0
27924,0
27927,0
27930,1
27934,1
27937,1
27945,1
27946,1
27950,0
27951,1
27953,1
27955,0
27957,1
27958,1
27959,1
27962,1
27963,1
27964,0
27965,0
27971,1
27973,1
27979,1
27985,0
27996,0
27997,0
27998,0
28001,0
28006,0
28016,0
28020,1
28023,1
28024,1
28027,1
28028,0
28029,1
28034,0
28036,1
28040,1
28042,0
28047,1
28048,1
28058,0
28061,0
28062,1
28066,0
28067,0
28068,1
28075,0
28076,1
28077,0
28078,0
28079,0
28080,1
28081,1
28082,0
28084,1
28090,0
28096,0
28098,0
28100,1
28101,0
28118,0
28119,0
28120,0
28122,0
28124,0
28129,1
28131,0
28134,1
28137,0
28143,0
28145,0
28146,1
28148,0
28149,0
28151,0
28154,0
28155,0
28162,0
28166,0
28168,0
28171,1
28175,1
28178,0
28180,0
28181,0
28185,0
28189,0
28190,0
28191,1
28192,0
28194,0
28197,1
28198,1
28202,1
28203,1
28205,0
28208,1
28212,1
28215,1
28216,0
28217,0
28218,1
28220,0
28221,1
28223,1
28230,1
28231,1
28233,0
28234,1
28238,1
28242,1
28243,1
28244,0
28245,1
28247,1
28248,1
28249,1
28254,1
28255,1
28256,0
28266,0
28267,1
28269,1
28270,1
28274,1
28279,1
28280,0
28281,1
28283,0
28284,0
28287,0
28291,0
28292,1
28294,0
28296,1
28297,1
28298,1
28300,0
28301,1
28304,1
28305,0
28306,1
28307,1
28311,1
28312,1
28315,1
28317,1
28319,0
28320,0
28321,1
28322,1
28325,0
28327,0
28328,1
28329,1
28332,1
28333,1
28335,1
28349,1
28350,1
28351,1
28353,1
28355,1
28356,0
28359,1
28361,0
28365,1
28367,0
28370,0
28377,1
28380,1
28381,0
28382,1
28385,1
28386,1
28387,1
28388,1
28389,1
28390,1
28391,1
28394,1
28396,1
28398,1
28405,0
28408,1
28410,0
28411,1
28412,1
28418,1
28421,1
28426,1
28428,1
28429,1
28431,0
28435,1
28439,0
28441,1
28443,1
28444,1
28449,1
28450,1
28452,1
28453,1
28454,1
28455,1
28456,1
28462,0
28466,0
28472,0
28473,1
28475,0
28482,0
28483,0
28487,0
28490,1
28491,0
28492,0
28494,0
28496,1
28499,1
28500,1
28506,1
28512,1
28513,0
28514,0
28515,0
28519,1
28524,0
28525,1
28526,0
28528,1
28531,0
28532,0
28538,0
28541,1
28546,0
28549,0
28554,0
28555,1
28558,1
28560,0
28562,1
28567,0
28571,1
28574,1
28575,0
28576,0
28578,1
28583,0
28586,0
28587,0
28588,1
28592,0
28595,0
28601,1
28602,1
28603,1
28610,1
28615,1
28620,1
28624,0
28625,0
28626,1
28628,0
28631,1
28634,0
28637,1
28639,1
28640,1
28645,0
28649,0
28652,1
28653,1
28655,1
28656,0
28657,1
28660,1
28663,0
28664,1
28665,0
28668,1
28669,1
28670,1
28671,1
28675,1
28680,1
28682,0
28683,0
28688,0
28689,0
28692,0
28693,1
28694,0
28695,0
28696,0
28702,0
28705,0
28709,0
28711,1
28712,1
28716,1
28717,0
28722,0
28724,0
28727,0
28728,0
28730,0
28732,0
28734,1
28739,1
28740,1
28742,1
28744,1
28745,0
28751,1
28756,1
28758,0
28759,0
28769,0
28771,0
28772,0
28773,1
28777,0
28778,0
28782,0
28784,1
28786,1
28787,0
28788,0
28791,0
28793,1
28797,0
28801,1
28804,1
28805,0
28806,1
28808,1
28813,1
28817,0
28819,0
28820,0
28825,0
28826,1
28828,0
28829,0
28830,0
28832,0
28839,1
28846,1
28850,1
28851,1
28852,1
28858,1
28859,0
28863,0
28865,0
28867,0
28870,0
28871,0
28875,0
28877,0
28880,0
28881,0
28883,0
28887,0
28889,0
28891,0
28893,1
28895,1
28896,0
28898,0
28901,1
28902,1
28903,0
28905,0
28907,0
28909,0
28911,0
28912,0
28914,0
28916,0
28917,0
28918,1
28921,0
28927,0
28930,1
28934,0
28936,0
28938,0
28942,1
28945,1
28948,0
28951,1
28952,1
28956,0
28957,1
28959,1
28960,1
28967,1
28968,0
28970,0
28975,0
28979,1
28984,0
28986,0
28989,0
28991,0
28992,0
28995,0
28998,1
28999,0
29000,0
29003,1
29004,0
29007,0
29011,0
29019,0
29021,0
29022,0
29025,0
29026,0
29028,0
29031,0
29034,0
29035,0
29039,0
29040,0
29045,1
29046,0
29049,1
29050,1
29052,0
29056,1
29059,0
29061,1
29062,1
29064,1
29068,1
29070,1
29071,0
29075,0
29077,0
29078,1
29079,1
29080,1
29084,1
29085,1
29086,1
29087,1
29092,0
29093,1
29094,1
29095,1
29096,0
29099,0
29100,0
29103,1
29104,1
29105,1
29107,0
29108,1
29109,1
29110,1
29114,1
29116,0
29117,1
29119,0
29123,0
29125,0
29128,0
29129,0
29131,0
29132,0
29133,0
29135,0
29136,0
29137,0
29139,1
29140,0
29141,1
29142,0
29143,1
29146,0
29150,1
29162,1
29166,1
29171,0
29175,0
29176,0
29177,0
29178,1
29183,1
29184,0
29186,0
29188,0
29192,0
29193,1
29198,0
29205,0
29206,0
29210,0
29214,0
29218,0
29220,0
29221,1
29222,0
29223,0
29225,0
29226,0
29227,0
29233,0
29235,0
29238,0
29241,1
29250,1
29251,1
29252,1
29256,1
29262,0
29263,1
29265,1
29266,1
29268,1
29269,0
29272,1
29273,1
29275,0
29276,1
29277,1
29278,0
29279,1
29284,1
29288,1
29290,0
29291,0
29292,1
29295,0
29296,0
29298,1
29299,1
29300,0
29303,1
29304,1
29305,0
29307,1
29308,0
29311,0
29320,0
29321,0
29325,0
29326,0
29327,1
29329,1
29330,0
29335,0
29338,0
29339,0
29341,1
29342,1
29343,0
29345,1
29347,1
29353,1
29354,1
29358,0
29360,0
29366,0
29368,1
29369,0
29372,0
29382,1
29384,0
29386,1
29387,1
29389,0
29390,1
29392,1
29395,1
29400,0
29402,0
29403,0
29410,1
29411,1
29414,0
29417,1
29418,0
29422,1
29423,0
29424,0
29429,1
29434,1
29435,1
29440,0
29447,1
29450,0
29454,1
29465,1
29466,0
29471,1
29472,0
29473,1
29475,1
29476,1
29482,1
29488,1
29489,1
29490,1
29491,1
29492,0
29495,1
29501,1
29503,1
29504,1
29510,1
29514,1
29520,1
29523,1
29524,1
29527,1
29530,1
29532,1
29534,1
29536,0
29538,1
29549,1
29550,1
29551,1
29554,1
29558,0
29559,0
29564,1
29566,1
29567,1
29570,1
29571,1
29575,1
29576,1
29579,1
29580,1
29583,0
29584,0
29585,1
29602,0
29604,1
29608,1
29610,0
29613,1
29614,1
29615,1
29616,1
29617,1
29624,1
29627,1
29632,1
29633,0
29634,1
29636,1
29638,1
29639,1
29642,1
29647,1
29649,1
29650,1
29652,1
29656,1
29658,1
29659,1
29660,1
29661,1
29663,0
29666,1
29668,1
29670,0
29672,1
29673,1
29676,0
29681,0
29682,0
29684,1
29686,0
29687,0
29695,1
29696,0
29706,0
29707,1
29712,1
29714,0
29725,1
29727,0
29732,1
29737,0
29741,0
29744,0
29745,0
29747,0
29750,0
29755,0
29758,0
29759,0
29760,0
29762,1
29768,0
29771,1
29774,0
29775,0
29780,0
29785,0
29786,0
29787,0
29789,0
29792,0
29794,0
29796,0
29797,0
29798,0
29799,1
29800,0
29802,0
29806,0
29807,1
29808,0
29810,0
29815,0
29816,0
29817,0
29822,0
29830,1
29831,0
29832,0
29833,0
29837,0
29842,0
29845,0
29846,0
29847,0
29848,1
29851,0
29853,0
29856,0
29857,0
29860,1
29862,0
29867,0
29868,0
29869,0
29872,0
29874,0
29876,1
29877,0
29880,0
29884,0
29888,1
29890,0
29891,0
29894,0
29896,0
29899,0
29903,0
29907,0
29908,0
29910,0
29911,0
29913,0
29914,1
29915,1
29916,0
29917,0
29918,0
29921,0
29923,0
29924,0
29929,0
29930,1
29931,0
29934,0
29935,1
29937,1
29941,1
29942,1
29945,1
29946,1
29947,0
29952,1
29953,1
29955,0
29956,0
29957,0
29959,1
29960,0
29961,0
29971,1
29973,1
29975,1
29977,1
29979,1
29980,0
29982,1
29983,1
29984,0
29986,1
29987,1
29989,0
29990,1
29992,1
29994,1
29995,0
29998,1
